-- phpMyAdmin SQL Dump
-- version 5.1.0
-- https://www.phpmyadmin.net/
--
-- Host: 127.0.0.1
-- Generation Time: Jul 09, 2022 at 09:00 AM
-- Server version: 10.4.18-MariaDB
-- PHP Version: 8.0.3

SET SQL_MODE = "NO_AUTO_VALUE_ON_ZERO";
START TRANSACTION;
SET time_zone = "+00:00";


/*!40101 SET @OLD_CHARACTER_SET_CLIENT=@@CHARACTER_SET_CLIENT */;
/*!40101 SET @OLD_CHARACTER_SET_RESULTS=@@CHARACTER_SET_RESULTS */;
/*!40101 SET @OLD_COLLATION_CONNECTION=@@COLLATION_CONNECTION */;
/*!40101 SET NAMES utf8mb4 */;

--
-- Database: `db_sig_petshop`
--

-- --------------------------------------------------------

--
-- Table structure for table `admin`
--

CREATE TABLE `admin` (
  `id_admin` int(2) NOT NULL,
  `nama` varchar(60) NOT NULL,
  `username` varchar(50) NOT NULL,
  `password` varchar(50) NOT NULL
) ENGINE=InnoDB DEFAULT CHARSET=utf8mb4;

--
-- Dumping data for table `admin`
--

INSERT INTO `admin` (`id_admin`, `nama`, `username`, `password`) VALUES
(1, 'Marsel Adenito Raharjo', 'admin', '1368f19a261e879918793515e224c708');

-- --------------------------------------------------------

--
-- Table structure for table `foto`
--

CREATE TABLE `foto` (
  `id_foto` int(4) NOT NULL,
  `id_lokasi` int(2) NOT NULL,
  `nama` text NOT NULL
) ENGINE=InnoDB DEFAULT CHARSET=utf8mb4;

-- --------------------------------------------------------

--
-- Table structure for table `kecamatan`
--

CREATE TABLE `kecamatan` (
  `id_kecamatan` int(2) NOT NULL,
  `nama_kecamatan` varchar(50) NOT NULL
) ENGINE=InnoDB DEFAULT CHARSET=utf8mb4;

--
-- Dumping data for table `kecamatan`
--

INSERT INTO `kecamatan` (`id_kecamatan`, `nama_kecamatan`) VALUES
(1, 'Purwokerto Utara'),
(2, 'Purwokerto Timur'),
(3, 'Purwokerto Barat'),
(4, 'Purwokerto Selatan');

-- --------------------------------------------------------

--
-- Table structure for table `kelurahan`
--

CREATE TABLE `kelurahan` (
  `id_kelurahan` int(2) NOT NULL,
  `id_kecamatan` int(2) NOT NULL,
  `nama_kelurahan` varchar(50) NOT NULL
) ENGINE=InnoDB DEFAULT CHARSET=utf8mb4;

--
-- Dumping data for table `kelurahan`
--

INSERT INTO `kelurahan` (`id_kelurahan`, `id_kecamatan`, `nama_kelurahan`) VALUES
(1, 1, 'Bancarkembar'),
(2, 1, 'Bobosan'),
(3, 1, 'Grendeng'),
(4, 1, 'Karangwangkal'),
(5, 1, 'Pabuaran'),
(6, 1, 'Purwanegara'),
(7, 1, 'Sumampir'),
(8, 2, 'Arcawinangun'),
(9, 2, 'Kranji'),
(10, 2, 'Mersi'),
(11, 2, 'Purwokerto Lor'),
(12, 2, 'Purwokerto Wetan'),
(13, 2, 'Sokanegara'),
(14, 3, 'Bantarsoka'),
(15, 3, 'Karanglewas Lor'),
(16, 3, 'Kedungwuluh'),
(17, 3, 'Kober'),
(18, 3, 'Pasir Kidul'),
(19, 3, 'Pasirmuncang'),
(20, 3, 'Rejasari'),
(21, 4, 'Berkoh'),
(22, 4, 'Karangklesem'),
(23, 4, 'Karangpucung'),
(24, 4, 'Purwokerto Kidul'),
(25, 4, 'Purwokerto Kulon'),
(26, 4, 'Tanjung'),
(27, 4, 'Teluk');

-- --------------------------------------------------------

--
-- Table structure for table `layanan`
--

CREATE TABLE `layanan` (
  `id_layanan` int(2) NOT NULL,
  `nama_layanan` varchar(50) NOT NULL
) ENGINE=InnoDB DEFAULT CHARSET=utf8mb4;

--
-- Dumping data for table `layanan`
--

INSERT INTO `layanan` (`id_layanan`, `nama_layanan`) VALUES
(1, 'Pet Shop'),
(2, 'Pet Clinic'),
(3, 'Pet Grooming'),
(4, 'Pet Hotel');

-- --------------------------------------------------------

--
-- Table structure for table `lokasi`
--

CREATE TABLE `lokasi` (
  `id_lokasi` int(2) NOT NULL,
  `nama` varchar(50) NOT NULL,
  `info` text NOT NULL,
  `alamat` text NOT NULL,
  `jadwal_buka` text NOT NULL,
  `telp` varchar(20) NOT NULL,
  `id_layanan` int(2) NOT NULL,
  `id_kecamatan` int(2) NOT NULL,
  `id_kelurahan` int(2) NOT NULL,
  `lat` text NOT NULL,
  `lng` text NOT NULL,
  `id_admin` int(2) NOT NULL
) ENGINE=InnoDB DEFAULT CHARSET=utf8mb4;

--
-- Dumping data for table `lokasi`
--

INSERT INTO `lokasi` (`id_lokasi`, `nama`, `info`, `alamat`, `jadwal_buka`, `telp`, `id_layanan`, `id_kecamatan`, `id_kelurahan`, `lat`, `lng`, `id_admin`) VALUES
(1, 'petshop', 'makan dulu', 'jl. Pramuka', '10.00', '082829290202', 2, 4, 25, '-7.431342000939774', '109.24374748481584', 1),
(2, 'cleo petshop', 'makan dulu', 'jl. jatisari', '10.00', '08123456789', 2, 1, 7, '-7.409410720480319', '109.23872891533188', 1),
(3, 'Qiis Petshop', 'ada', 'jl. sudirman', '20.00', '08123456789', 4, 3, 17, '-7.4234533193419505', '109.2190991674662', 1),
(4, 'moezza petshop', 'kapan', 'jl. kaliputih', '11.00', '08123456789', 2, 2, 12, '-7.4271822416837585', '109.25564576371785', 1),
(5, 'Cimo', 'dadada', 'jl rasamala', '13.00', '08123456789', 3, 4, 26, '-7.4500139266123', '109.2535378969649', 1);

-- --------------------------------------------------------

--
-- Table structure for table `poligon`
--

CREATE TABLE `poligon` (
  `id_poligon` int(5) NOT NULL,
  `id_kecamatan` int(2) NOT NULL,
  `lat` text NOT NULL,
  `lng` text NOT NULL
) ENGINE=InnoDB DEFAULT CHARSET=utf8mb4;

--
-- Dumping data for table `poligon`
--

INSERT INTO `poligon` (`id_poligon`, `id_kecamatan`, `lat`, `lng`) VALUES
(1, 1, '109.2175293', '-7.4114852'),
(2, 1, '109.21751404', '-7.41129541'),
(3, 1, '109.21755981', '-7.41077757'),
(4, 1, '109.21778107', '-7.41019773'),
(5, 1, '109.21779633', '-7.40964842'),
(6, 1, '109.2178421', '-7.40950441'),
(7, 1, '109.21799469', '-7.40947485'),
(8, 1, '109.21807861', '-7.40945911'),
(9, 1, '109.2181015', '-7.40910053'),
(10, 1, '109.21807098', '-7.408504009999999'),
(11, 1, '109.21800995', '-7.408189769999999'),
(12, 1, '109.2177887', '-7.407859330000001'),
(13, 1, '109.21723938', '-7.407559389999999'),
(14, 1, '109.21634674', '-7.40716314'),
(15, 1, '109.21573639', '-7.407018180000001'),
(16, 1, '109.21578979', '-7.406864170000001'),
(17, 1, '109.21589661', '-7.40610981'),
(18, 1, '109.2161026', '-7.4054203'),
(19, 1, '109.21624756', '-7.404714580000001'),
(20, 1, '109.21639252', '-7.403851990000001'),
(21, 1, '109.21643829', '-7.403632639999999'),
(22, 1, '109.21658325', '-7.40361738'),
(23, 1, '109.21704102', '-7.40355682'),
(24, 1, '109.21741486', '-7.403495309999999'),
(25, 1, '109.21782684', '-7.40352821'),
(26, 1, '109.21801758', '-7.40334082'),
(27, 1, '109.21842194', '-7.40338945'),
(28, 1, '109.21855164', '-7.40315485'),
(29, 1, '109.21840668', '-7.40277767'),
(30, 1, '109.21826935', '-7.402353289999999'),
(31, 1, '109.21835327', '-7.401898380000001'),
(32, 1, '109.21839905', '-7.401506419999999'),
(33, 1, '109.21849823', '-7.40097332'),
(34, 1, '109.21851349', '-7.400628090000001'),
(35, 1, '109.2183075', '-7.40034485'),
(36, 1, '109.2183075', '-7.3999052'),
(37, 1, '109.21842194', '-7.399607660000001'),
(38, 1, '109.21861267', '-7.39915323'),
(39, 1, '109.21889496', '-7.39877748'),
(40, 1, '109.21910095', '-7.39826059'),
(41, 1, '109.21927643', '-7.397806170000001'),
(42, 1, '109.2194519', '-7.39738321'),
(43, 1, '109.21960449', '-7.39731169'),
(44, 1, '109.21945953', '-7.39699936'),
(45, 1, '109.22011566', '-7.396945480000001'),
(46, 1, '109.22127533', '-7.396990780000001'),
(47, 1, '109.22240448', '-7.39691353'),
(48, 1, '109.22285461', '-7.39691544'),
(49, 1, '109.223526', '-7.396734709999999'),
(50, 1, '109.22425842', '-7.396717070000001'),
(51, 1, '109.22476959', '-7.39671946'),
(52, 1, '109.22484589', '-7.39669275'),
(53, 1, '109.22493744', '-7.39665842'),
(54, 1, '109.22489929', '-7.39695787'),
(55, 1, '109.22509766', '-7.39727259'),
(56, 1, '109.22525024', '-7.39753866'),
(57, 1, '109.2252655', '-7.39764738'),
(58, 1, '109.2252655', '-7.39784956'),
(59, 1, '109.22525024', '-7.39843035'),
(60, 1, '109.22527313', '-7.398672579999999'),
(61, 1, '109.22528839', '-7.398778439999999'),
(62, 1, '109.22536469', '-7.3991046'),
(63, 1, '109.22550964', '-7.39955091'),
(64, 1, '109.22571564', '-7.399872780000001'),
(65, 1, '109.22592163', '-7.40013456'),
(66, 1, '109.22650146', '-7.40083265'),
(67, 1, '109.22660828', '-7.401300430000001'),
(68, 1, '109.22660065', '-7.40159941'),
(69, 1, '109.22649384', '-7.40176773'),
(70, 1, '109.22626495', '-7.401907919999999'),
(71, 1, '109.22608185', '-7.40198326'),
(72, 1, '109.22574615', '-7.4021287'),
(73, 1, '109.22571564', '-7.40228653'),
(74, 1, '109.22571564', '-7.40240574'),
(75, 1, '109.2257309', '-7.40253639'),
(76, 1, '109.22585297', '-7.40271616'),
(77, 1, '109.22607422', '-7.40282583'),
(78, 1, '109.22633362', '-7.402919290000001'),
(79, 1, '109.22649384', '-7.40302324'),
(80, 1, '109.22663879', '-7.4032197'),
(81, 1, '109.22670746', '-7.40343714'),
(82, 1, '109.22674561', '-7.40362787'),
(83, 1, '109.22676086', '-7.40394831'),
(84, 1, '109.22672272', '-7.40424204'),
(85, 1, '109.22667694', '-7.40460587'),
(86, 1, '109.2266922', '-7.40489388'),
(87, 1, '109.22665405', '-7.40508413'),
(88, 1, '109.22660065', '-7.4053669'),
(89, 1, '109.22663116', '-7.4055624'),
(90, 1, '109.22692108', '-7.40591145'),
(91, 1, '109.22737122', '-7.406522269999999'),
(92, 1, '109.22774506', '-7.406844619999999'),
(93, 1, '109.22795105', '-7.40702486'),
(94, 1, '109.22808838', '-7.407161240000001'),
(95, 1, '109.22813416', '-7.40723753'),
(96, 1, '109.22819519', '-7.40730858'),
(97, 1, '109.22826385', '-7.407406329999999'),
(98, 1, '109.22832489', '-7.40750456'),
(99, 1, '109.22836304', '-7.407639979999999'),
(100, 1, '109.22833252', '-7.4078145'),
(101, 1, '109.22824097', '-7.408047679999999'),
(102, 1, '109.22795105', '-7.40825319'),
(103, 1, '109.22724915', '-7.408699990000001'),
(104, 1, '109.22668457', '-7.40926456'),
(105, 1, '109.22650146', '-7.40953588'),
(106, 1, '109.22640228', '-7.409557340000001'),
(107, 1, '109.22592163', '-7.40959883'),
(108, 1, '109.22563934', '-7.40962744'),
(109, 1, '109.22545624', '-7.409646029999999'),
(110, 1, '109.22527313', '-7.40978098'),
(111, 1, '109.22515869', '-7.40983486'),
(112, 1, '109.2243576', '-7.40978289'),
(113, 1, '109.22351074', '-7.409703249999999'),
(114, 1, '109.22206116', '-7.40986061'),
(115, 1, '109.22146606', '-7.41004848'),
(116, 1, '109.22103882', '-7.410150050000001'),
(117, 1, '109.21985626', '-7.41063452'),
(118, 1, '109.21951294', '-7.410641189999999'),
(119, 1, '109.21916199', '-7.41064835'),
(120, 1, '109.21860504', '-7.410923'),
(121, 1, '109.21843719', '-7.41129208'),
(122, 1, '109.21800995', '-7.41138411'),
(123, 1, '109.21768188', '-7.411453250000001'),
(124, 1, '109.2175293', '-7.4114852'),
(125, 2, '109.27236938', '-7.43299723'),
(126, 2, '109.27226257', '-7.43376732'),
(127, 2, '109.27152252', '-7.43433619'),
(128, 2, '109.2703476', '-7.434531690000001'),
(129, 2, '109.26922607', '-7.43455553'),
(130, 2, '109.26885223', '-7.43512583'),
(131, 2, '109.26849365', '-7.43562412'),
(132, 2, '109.26845551', '-7.43568754'),
(133, 2, '109.26837921', '-7.435779570000001'),
(134, 2, '109.26834869', '-7.43567085'),
(135, 2, '109.26813507', '-7.43539143'),
(136, 2, '109.26805878', '-7.43541574'),
(137, 2, '109.26797485', '-7.43545771'),
(138, 2, '109.26786041', '-7.43549061'),
(139, 2, '109.26778412', '-7.43548203'),
(140, 2, '109.2677002', '-7.43549013'),
(141, 2, '109.26760101', '-7.435506340000001'),
(142, 2, '109.2675705', '-7.43539715'),
(143, 2, '109.26741791', '-7.43470716'),
(144, 2, '109.26623535', '-7.434895990000001'),
(145, 2, '109.26609802', '-7.43539429'),
(146, 2, '109.26602936', '-7.43529415'),
(147, 2, '109.26594543', '-7.43516922'),
(148, 2, '109.26590729', '-7.43508816'),
(149, 2, '109.26583099', '-7.434981820000001'),
(150, 2, '109.26578522', '-7.43488169'),
(151, 2, '109.26564789', '-7.43466949'),
(152, 2, '109.26483154', '-7.43458748'),
(153, 2, '109.26445007', '-7.433548930000001'),
(154, 2, '109.26358795', '-7.433782579999999'),
(155, 2, '109.263237', '-7.43315172'),
(156, 2, '109.26307678', '-7.432888980000001'),
(157, 2, '109.26300049', '-7.43247128'),
(158, 2, '109.26306152', '-7.43176079'),
(159, 2, '109.26292419', '-7.43133402'),
(160, 2, '109.2627182', '-7.43087435'),
(161, 2, '109.26245117', '-7.43041706'),
(162, 2, '109.26236725', '-7.43043423'),
(163, 2, '109.26220703', '-7.430433269999999'),
(164, 2, '109.26177979', '-7.43058014'),
(165, 2, '109.26184082', '-7.43085051'),
(166, 2, '109.26197052', '-7.43097925'),
(167, 2, '109.2620697', '-7.431256770000001'),
(168, 2, '109.26228333', '-7.43151426'),
(169, 2, '109.26245117', '-7.4317174'),
(170, 2, '109.26248932', '-7.43194485'),
(171, 2, '109.26242065', '-7.432149409999999'),
(172, 2, '109.26220703', '-7.43231726'),
(173, 2, '109.26218414', '-7.4324522'),
(174, 2, '109.26218414', '-7.43255234'),
(175, 2, '109.26144409', '-7.43252325'),
(176, 2, '109.2611618', '-7.43253613'),
(177, 2, '109.26082611', '-7.43255472'),
(178, 2, '109.26055908', '-7.43257427'),
(179, 2, '109.26042175', '-7.43265724'),
(180, 2, '109.25945282', '-7.432664390000001'),
(181, 2, '109.25834656', '-7.43268013'),
(182, 2, '109.25827789', '-7.43280125'),
(183, 2, '109.25792694', '-7.432793139999999'),
(184, 2, '109.25772858', '-7.432898519999999'),
(185, 2, '109.25756836', '-7.43277454'),
(186, 2, '109.25672913', '-7.431695940000001'),
(187, 2, '109.25624084', '-7.43122435'),
(188, 2, '109.25558472', '-7.4306283'),
(189, 2, '109.25512695', '-7.4302187'),
(190, 2, '109.25480652', '-7.42993307'),
(191, 2, '109.25444794', '-7.429561140000001'),
(192, 2, '109.25486755', '-7.42951345'),
(193, 2, '109.25539398', '-7.42944098'),
(194, 2, '109.25561523', '-7.42919493'),
(195, 2, '109.25559998', '-7.428774360000001'),
(196, 2, '109.25556946', '-7.428415779999999'),
(197, 2, '109.25548553', '-7.42825508'),
(198, 2, '109.25553131', '-7.428008079999999'),
(199, 2, '109.25540924', '-7.42774773'),
(200, 2, '109.25521088', '-7.427611349999999'),
(201, 2, '109.25493622', '-7.42764711'),
(202, 2, '109.25461578', '-7.427682880000001'),
(203, 2, '109.25439453', '-7.42774391'),
(204, 2, '109.25404358', '-7.42779207'),
(205, 2, '109.25356293', '-7.42775297'),
(206, 2, '109.25320435', '-7.42771435'),
(207, 2, '109.25270081', '-7.427799220000001'),
(208, 2, '109.25234222', '-7.42781019'),
(209, 2, '109.25177765', '-7.42780781'),
(210, 2, '109.25125885', '-7.42778111'),
(211, 2, '109.25097656', '-7.42779207'),
(212, 2, '109.25056458', '-7.42782784'),
(213, 2, '109.25033569', '-7.42783928'),
(214, 2, '109.25006104', '-7.42785025'),
(215, 2, '109.24990082', '-7.42781258'),
(216, 2, '109.24972534', '-7.42777491'),
(217, 2, '109.24930573', '-7.42795849'),
(218, 2, '109.24919891', '-7.427996640000001'),
(219, 2, '109.24911499', '-7.42801476'),
(220, 2, '109.24887848', '-7.42807484'),
(221, 2, '109.24884033', '-7.42790127'),
(222, 2, '109.24868011', '-7.427939409999999'),
(223, 2, '109.24854279', '-7.427996160000001'),
(224, 2, '109.24824524', '-7.42799473'),
(225, 2, '109.24763489', '-7.42799234'),
(226, 2, '109.24700165', '-7.42803431'),
(227, 2, '109.24652863', '-7.42800283'),
(228, 2, '109.24620056', '-7.42797184'),
(229, 2, '109.24571228', '-7.42808819'),
(230, 2, '109.24517822', '-7.42808628'),
(231, 2, '109.24443817', '-7.42806864'),
(232, 2, '109.24386597', '-7.42806625'),
(233, 2, '109.24324036', '-7.42806387'),
(234, 2, '109.24265289', '-7.42806149'),
(235, 2, '109.24213409', '-7.42802954'),
(236, 2, '109.24164581', '-7.42805719'),
(237, 2, '109.24114227', '-7.4280405'),
(238, 2, '109.24093628', '-7.42803955'),
(239, 2, '109.24069977', '-7.42811251'),
(240, 2, '109.24041748', '-7.42811155'),
(241, 2, '109.24026489', '-7.42807102'),
(242, 2, '109.24009705', '-7.42819214'),
(243, 2, '109.24010468', '-7.42826605'),
(244, 2, '109.24004364', '-7.428315639999999'),
(245, 2, '109.23995972', '-7.42838383'),
(246, 2, '109.23985291', '-7.42859268'),
(247, 2, '109.23981476', '-7.42876148'),
(248, 2, '109.23966217', '-7.42904282'),
(249, 2, '109.2395401', '-7.42928362'),
(250, 2, '109.23949432', '-7.42950869'),
(251, 2, '109.23944855', '-7.42973375'),
(252, 2, '109.23936462', '-7.42990255'),
(253, 2, '109.23944855', '-7.43020058'),
(254, 2, '109.23944855', '-7.43033361'),
(255, 2, '109.2394104', '-7.43064308'),
(256, 2, '109.23937225', '-7.43085241'),
(257, 2, '109.23926544', '-7.43128633'),
(258, 2, '109.23918152', '-7.431527609999999'),
(259, 2, '109.23950195', '-7.43179417'),
(260, 2, '109.23973846', '-7.43206882'),
(261, 2, '109.23966217', '-7.43242264'),
(262, 2, '109.23957062', '-7.43276834'),
(263, 2, '109.23945618', '-7.43326664'),
(264, 2, '109.23937988', '-7.43364477'),
(265, 2, '109.23930359', '-7.433998580000001'),
(266, 2, '109.23926544', '-7.434167390000001'),
(267, 2, '109.2390976', '-7.43419313'),
(268, 2, '109.23869324', '-7.43425369'),
(269, 2, '109.23841095', '-7.43437338'),
(270, 2, '109.23827362', '-7.43450975'),
(271, 2, '109.23802948', '-7.43462801'),
(272, 2, '109.23777008', '-7.43471241'),
(273, 2, '109.23749542', '-7.43483067'),
(274, 2, '109.23723602', '-7.43483543'),
(275, 2, '109.23690033', '-7.434930799999999'),
(276, 2, '109.23696136', '-7.435011389999999'),
(277, 2, '109.2368927', '-7.435139659999999'),
(278, 2, '109.23685455', '-7.43531656'),
(279, 2, '109.23713684', '-7.43538237'),
(280, 2, '109.23721313', '-7.43549299'),
(281, 2, '109.23808289', '-7.43564558'),
(282, 2, '109.23812866', '-7.43584251'),
(283, 2, '109.23812866', '-7.436085699999999'),
(284, 2, '109.23797607', '-7.43631458'),
(285, 2, '109.23792267', '-7.43641376'),
(286, 2, '109.23764801', '-7.43638945'),
(287, 2, '109.23709106', '-7.43633986'),
(288, 2, '109.23558044', '-7.43618631'),
(289, 2, '109.2351532', '-7.43613577'),
(290, 2, '109.23517609', '-7.436025140000001'),
(291, 2, '109.23501587', '-7.43602037'),
(292, 2, '109.23529816', '-7.435245039999999'),
(293, 2, '109.23509216', '-7.43509722'),
(294, 2, '109.23432922', '-7.434711460000001'),
(295, 2, '109.23288727', '-7.434146880000001'),
(296, 2, '109.23199463', '-7.43389988'),
(297, 2, '109.23209381', '-7.43329048'),
(298, 2, '109.23223877', '-7.43264389'),
(299, 2, '109.23245239', '-7.43242741'),
(300, 2, '109.23249817', '-7.4317317'),
(301, 2, '109.23239136', '-7.431715970000001'),
(302, 2, '109.23242188', '-7.43145275'),
(303, 2, '109.23252869', '-7.43061781'),
(304, 2, '109.2323761', '-7.430412770000001'),
(305, 2, '109.23208618', '-7.43027496'),
(306, 2, '109.23203278', '-7.43008757'),
(307, 2, '109.23208618', '-7.429934499999999'),
(308, 2, '109.23212433', '-7.42976379'),
(309, 2, '109.2321701', '-7.42959356'),
(310, 2, '109.23215485', '-7.429389'),
(311, 2, '109.2322464', '-7.42916775'),
(312, 2, '109.23238373', '-7.42903233'),
(313, 2, '109.23238373', '-7.42887878'),
(314, 2, '109.23216248', '-7.42879248'),
(315, 2, '109.23197174', '-7.42868948'),
(316, 2, '109.23180389', '-7.428586479999999'),
(317, 2, '109.23147583', '-7.42850018'),
(318, 2, '109.23118591', '-7.42836285'),
(319, 2, '109.23085022', '-7.42819071'),
(320, 2, '109.23059082', '-7.428087709999999'),
(321, 2, '109.23042297', '-7.42810392'),
(322, 2, '109.23026276', '-7.42825651'),
(323, 2, '109.22997284', '-7.428272719999999'),
(324, 2, '109.22966766', '-7.427828309999999'),
(325, 2, '109.22958374', '-7.427537919999999'),
(326, 2, '109.22943115', '-7.42711163'),
(327, 2, '109.22909546', '-7.427144050000001'),
(328, 2, '109.22904205', '-7.42708778'),
(329, 2, '109.22885895', '-7.42712164'),
(330, 2, '109.22887421', '-7.42722034'),
(331, 2, '109.22894287', '-7.42733383'),
(332, 2, '109.22905731', '-7.42740059'),
(333, 2, '109.22924042', '-7.42759037'),
(334, 2, '109.22925568', '-7.42774153'),
(335, 2, '109.22928619', '-7.42785072'),
(336, 2, '109.22905731', '-7.42806435'),
(337, 2, '109.22903442', '-7.42845631'),
(338, 2, '109.22886658', '-7.42876244'),
(339, 2, '109.22874451', '-7.42908573'),
(340, 2, '109.2286377', '-7.429221630000001'),
(341, 2, '109.22845459', '-7.42928934'),
(342, 2, '109.22819519', '-7.42932224'),
(343, 2, '109.22797394', '-7.429304119999999'),
(344, 2, '109.22769928', '-7.42935419'),
(345, 2, '109.22740936', '-7.42914867'),
(346, 2, '109.22715759', '-7.42892599'),
(347, 2, '109.22708893', '-7.42861891'),
(348, 2, '109.22702026', '-7.428158760000001'),
(349, 2, '109.2269516', '-7.42776632'),
(350, 2, '109.22716522', '-7.42728996'),
(351, 2, '109.22705841', '-7.42689753'),
(352, 2, '109.22724915', '-7.42635298'),
(353, 2, '109.22706604', '-7.425840850000001'),
(354, 2, '109.22730255', '-7.42551804'),
(355, 2, '109.2273941', '-7.425126080000001'),
(356, 2, '109.22723389', '-7.425005909999999'),
(357, 2, '109.22736359', '-7.42446136'),
(358, 2, '109.22744751', '-7.42420578'),
(359, 2, '109.22750092', '-7.42398453'),
(360, 2, '109.22762299', '-7.423797610000001'),
(361, 2, '109.22769165', '-7.42350817'),
(362, 2, '109.22777557', '-7.423235890000001'),
(363, 2, '109.22784424', '-7.42296314'),
(364, 2, '109.22796631', '-7.42265701'),
(365, 2, '109.22832489', '-7.42267561'),
(366, 2, '109.22844696', '-7.42245436'),
(367, 2, '109.22875214', '-7.422404289999999'),
(368, 2, '109.22864532', '-7.42180872'),
(369, 2, '109.22877502', '-7.421426300000001'),
(370, 2, '109.22875977', '-7.42126465'),
(371, 2, '109.22885895', '-7.42122078'),
(372, 2, '109.22889709', '-7.42109346'),
(373, 2, '109.22882843', '-7.42096567'),
(374, 2, '109.22882843', '-7.4208045'),
(375, 2, '109.22864532', '-7.4206872'),
(376, 2, '109.22858429', '-7.42043543'),
(377, 2, '109.22859955', '-7.42025185'),
(378, 2, '109.22880554', '-7.419974800000001'),
(379, 2, '109.22892761', '-7.41989279'),
(380, 2, '109.22918701', '-7.41988277'),
(381, 2, '109.22940063', '-7.41968822'),
(382, 2, '109.22956848', '-7.41964006'),
(383, 2, '109.22997284', '-7.41972065'),
(384, 2, '109.23022461', '-7.418974880000001'),
(385, 2, '109.23059082', '-7.41893911'),
(386, 2, '109.23064423', '-7.41885424'),
(387, 2, '109.23078918', '-7.41888571'),
(388, 2, '109.23130798', '-7.41916466'),
(389, 2, '109.23155212', '-7.41888905'),
(390, 2, '109.23179626', '-7.418647770000001'),
(391, 2, '109.23197174', '-7.41819859'),
(392, 2, '109.23228455', '-7.41819954'),
(393, 2, '109.23246002', '-7.41778517'),
(394, 2, '109.23287964', '-7.41737175'),
(395, 2, '109.23312378', '-7.41699171'),
(396, 2, '109.23101044', '-7.41712189'),
(397, 2, '109.23001099', '-7.41711473'),
(398, 2, '109.2297821', '-7.4171381'),
(399, 2, '109.22962952', '-7.41715622'),
(400, 2, '109.22919464', '-7.417176720000001'),
(401, 2, '109.2284317', '-7.41716623'),
(402, 2, '109.22809601', '-7.417153840000001'),
(403, 2, '109.22781372', '-7.41712999'),
(404, 2, '109.22756195', '-7.41712523'),
(405, 2, '109.22724152', '-7.41715431'),
(406, 2, '109.22711945', '-7.417378899999999'),
(407, 2, '109.22697449', '-7.41755104'),
(408, 2, '109.22682953', '-7.41765165'),
(409, 2, '109.22670746', '-7.41759491'),
(410, 2, '109.22666931', '-7.41749334'),
(411, 2, '109.22684479', '-7.417231079999999'),
(412, 2, '109.2271347', '-7.41698122'),
(413, 2, '109.22729492', '-7.41644049'),
(414, 2, '109.22735596', '-7.416300770000001'),
(415, 2, '109.22740173', '-7.41618013'),
(416, 2, '109.22742462', '-7.4160943'),
(417, 2, '109.22754669', '-7.415862080000001'),
(418, 2, '109.22820282', '-7.41596889'),
(419, 2, '109.22858429', '-7.41586637'),
(420, 2, '109.22900391', '-7.415591240000001'),
(421, 2, '109.22931671', '-7.415280820000001'),
(422, 2, '109.2294693', '-7.41501474'),
(423, 2, '109.22952271', '-7.41483498'),
(424, 2, '109.22943878', '-7.41479778'),
(425, 2, '109.22934723', '-7.414773939999999'),
(426, 2, '109.22923279', '-7.41473341'),
(427, 2, '109.22915649', '-7.41468477'),
(428, 2, '109.22915649', '-7.41432476'),
(429, 2, '109.22917175', '-7.41415119'),
(430, 2, '109.22919464', '-7.41390848'),
(431, 2, '109.22921753', '-7.41346931'),
(432, 2, '109.22934723', '-7.413200380000001'),
(433, 2, '109.22931671', '-7.41297722'),
(434, 2, '109.22928619', '-7.41270018'),
(435, 2, '109.22898102', '-7.41222572'),
(436, 2, '109.22873688', '-7.41194201'),
(437, 2, '109.22853088', '-7.411849020000001'),
(438, 2, '109.22789764', '-7.411532880000001'),
(439, 2, '109.22780609', '-7.4114728'),
(440, 2, '109.22769165', '-7.41135168'),
(441, 2, '109.22760773', '-7.41121769'),
(442, 2, '109.22743225', '-7.41124153'),
(443, 2, '109.22720337', '-7.41125822'),
(444, 2, '109.22703552', '-7.41119146'),
(445, 2, '109.22692871', '-7.411118980000001'),
(446, 2, '109.22683716', '-7.41101551'),
(447, 2, '109.22676849', '-7.41075706'),
(448, 2, '109.22666931', '-7.41045809'),
(449, 2, '109.22668457', '-7.4103651'),
(450, 2, '109.22655487', '-7.410155770000001'),
(451, 2, '109.22644806', '-7.40985632'),
(452, 2, '109.22640228', '-7.409557340000001'),
(453, 2, '109.22650146', '-7.40953588'),
(454, 2, '109.22668457', '-7.40926456'),
(455, 2, '109.22724915', '-7.408699990000001'),
(456, 2, '109.22795105', '-7.40825319'),
(457, 2, '109.22824097', '-7.408047679999999'),
(458, 2, '109.22833252', '-7.4078145'),
(459, 2, '109.22836304', '-7.407639979999999'),
(460, 2, '109.22832489', '-7.40750456'),
(461, 2, '109.22826385', '-7.407406329999999'),
(462, 2, '109.22819519', '-7.40730858'),
(463, 2, '109.22813416', '-7.40723753'),
(464, 2, '109.22808838', '-7.407161240000001'),
(465, 2, '109.22795105', '-7.40702486'),
(466, 2, '109.22774506', '-7.406844619999999'),
(467, 2, '109.22737122', '-7.406522269999999'),
(468, 2, '109.22692108', '-7.40591145'),
(469, 2, '109.22663116', '-7.4055624'),
(470, 2, '109.22660065', '-7.4053669'),
(471, 2, '109.22665405', '-7.40508413'),
(472, 2, '109.2266922', '-7.40489388'),
(473, 2, '109.22667694', '-7.40460587'),
(474, 2, '109.22672272', '-7.40424204'),
(475, 2, '109.22676086', '-7.40394831'),
(476, 2, '109.22674561', '-7.40362787'),
(477, 2, '109.22670746', '-7.40343714'),
(478, 2, '109.22663879', '-7.4032197'),
(479, 2, '109.22649384', '-7.40302324'),
(480, 2, '109.22633362', '-7.402919290000001'),
(481, 2, '109.22607422', '-7.40282583'),
(482, 2, '109.22585297', '-7.40271616'),
(483, 2, '109.2257309', '-7.40253639'),
(484, 2, '109.22571564', '-7.40240574'),
(485, 2, '109.22571564', '-7.40228653'),
(486, 2, '109.22574615', '-7.4021287'),
(487, 2, '109.22608185', '-7.40198326'),
(488, 2, '109.22626495', '-7.401907919999999'),
(489, 2, '109.22649384', '-7.40176773'),
(490, 2, '109.22660065', '-7.40159941'),
(491, 2, '109.22660828', '-7.401300430000001'),
(492, 2, '109.22650146', '-7.40083265'),
(493, 2, '109.22592163', '-7.40013456'),
(494, 2, '109.22571564', '-7.399872780000001'),
(495, 2, '109.22550964', '-7.39955091'),
(496, 2, '109.22536469', '-7.3991046'),
(497, 2, '109.22528839', '-7.398778439999999'),
(498, 2, '109.22527313', '-7.398672579999999'),
(499, 2, '109.22525024', '-7.39843035'),
(500, 2, '109.2252655', '-7.39784956'),
(501, 2, '109.2252655', '-7.39764738'),
(502, 2, '109.22525024', '-7.39753866'),
(503, 2, '109.22509766', '-7.39727259'),
(504, 2, '109.22489929', '-7.39695787'),
(505, 2, '109.22493744', '-7.39665842'),
(506, 2, '109.22564697', '-7.39651346'),
(507, 2, '109.22577667', '-7.39647627'),
(508, 2, '109.22602081', '-7.396477220000001'),
(509, 2, '109.22624207', '-7.39651585'),
(510, 2, '109.22641754', '-7.39651632'),
(511, 2, '109.22660065', '-7.396498199999999'),
(512, 2, '109.22673035', '-7.39644289'),
(513, 2, '109.22697449', '-7.39646244'),
(514, 2, '109.22718048', '-7.396407129999999'),
(515, 2, '109.22742462', '-7.396333219999999'),
(516, 2, '109.22757721', '-7.39637136'),
(517, 2, '109.22769165', '-7.39639044'),
(518, 2, '109.22782135', '-7.39642811'),
(519, 2, '109.22795105', '-7.39639139'),
(520, 2, '109.22810364', '-7.39637327'),
(521, 2, '109.22832489', '-7.39641142'),
(522, 2, '109.22856903', '-7.39646864'),
(523, 2, '109.22887421', '-7.396451'),
(524, 2, '109.22909546', '-7.39650822'),
(525, 2, '109.22924805', '-7.39667702'),
(526, 2, '109.22939301', '-7.39665937'),
(527, 2, '109.22967529', '-7.39677238'),
(528, 2, '109.22993469', '-7.39694214'),
(529, 2, '109.23017883', '-7.39701796'),
(530, 2, '109.23046112', '-7.39711237'),
(531, 2, '109.23075867', '-7.397319319999999'),
(532, 2, '109.23098755', '-7.39732027'),
(533, 2, '109.23124695', '-7.397396089999999'),
(534, 2, '109.2314682', '-7.39750957'),
(535, 2, '109.23168182', '-7.39752913'),
(536, 2, '109.23191833', '-7.3976984'),
(537, 2, '109.23214722', '-7.397811410000001'),
(538, 2, '109.23257446', '-7.39801931'),
(539, 2, '109.23293304', '-7.39818907'),
(540, 2, '109.23319244', '-7.398264879999999'),
(541, 2, '109.23345184', '-7.398388389999999'),
(542, 2, '109.23355103', '-7.398563860000001'),
(543, 2, '109.23363495', '-7.39865208'),
(544, 2, '109.23394012', '-7.3989768'),
(545, 2, '109.23394775', '-7.39905643'),
(546, 2, '109.2339325', '-7.39914417'),
(547, 2, '109.23388672', '-7.399274350000001'),
(548, 2, '109.23382568', '-7.399377349999999'),
(549, 2, '109.23374939', '-7.39958382'),
(550, 2, '109.23371124', '-7.39972496'),
(551, 2, '109.23368835', '-7.39982843'),
(552, 2, '109.23373413', '-7.399975299999999'),
(553, 2, '109.23375702', '-7.40014935'),
(554, 2, '109.23377228', '-7.40026903'),
(555, 2, '109.2338562', '-7.40050316'),
(556, 2, '109.23390198', '-7.40074778'),
(557, 2, '109.23392487', '-7.40081835'),
(558, 2, '109.23392487', '-7.40089989'),
(559, 2, '109.23406219', '-7.40121603'),
(560, 2, '109.23407745', '-7.40167809'),
(561, 2, '109.23428345', '-7.40181494'),
(562, 2, '109.23416138', '-7.40191746'),
(563, 2, '109.23430634', '-7.40204334'),
(564, 2, '109.23426819', '-7.40222788'),
(565, 2, '109.23445129', '-7.402206900000001'),
(566, 2, '109.23454285', '-7.40243578'),
(567, 2, '109.23455811', '-7.40264225'),
(568, 2, '109.23457336', '-7.40283775'),
(569, 2, '109.2346344', '-7.40294695'),
(570, 2, '109.23462677', '-7.403093809999999'),
(571, 2, '109.23490906', '-7.403486250000001'),
(572, 2, '109.23479462', '-7.40360546'),
(573, 2, '109.23462677', '-7.40372419'),
(574, 2, '109.23461914', '-7.40389299'),
(575, 2, '109.234375', '-7.40398979'),
(576, 2, '109.23406982', '-7.40418959'),
(577, 2, '109.2341156', '-7.40435266'),
(578, 2, '109.23427582', '-7.40451097'),
(579, 2, '109.23420715', '-7.404635910000001'),
(580, 2, '109.23407745', '-7.404744149999999'),
(581, 2, '109.23416901', '-7.404929159999999'),
(582, 2, '109.23417664', '-7.405157569999999'),
(583, 2, '109.23416901', '-7.40542936'),
(584, 2, '109.23426819', '-7.40579939'),
(585, 2, '109.2345047', '-7.40610981'),
(586, 2, '109.23471069', '-7.40582561'),
(587, 2, '109.2351532', '-7.40583038'),
(588, 2, '109.23550415', '-7.40593481'),
(589, 2, '109.2361908', '-7.40623093'),
(590, 2, '109.23671722', '-7.406455990000001'),
(591, 2, '109.23674774', '-7.40653181'),
(592, 2, '109.23679352', '-7.40709782'),
(593, 2, '109.23685455', '-7.407375339999999'),
(594, 2, '109.2368927', '-7.407804970000001'),
(595, 2, '109.2365799', '-7.40804195'),
(596, 2, '109.23648071', '-7.4081893'),
(597, 2, '109.23628235', '-7.40867329'),
(598, 2, '109.23612976', '-7.409173010000001'),
(599, 2, '109.23591614', '-7.40964556'),
(600, 2, '109.23620605', '-7.41013336'),
(601, 2, '109.23616028', '-7.41049671'),
(602, 2, '109.23608398', '-7.41060591'),
(603, 2, '109.23609161', '-7.41082525'),
(604, 2, '109.23612213', '-7.411065580000001'),
(605, 2, '109.23612213', '-7.41117525'),
(606, 2, '109.23612213', '-7.41127777'),
(607, 2, '109.23610687', '-7.41143465'),
(608, 2, '109.23616791', '-7.411524769999999'),
(609, 2, '109.23610687', '-7.41245031'),
(610, 2, '109.23614502', '-7.41265345'),
(611, 2, '109.23614502', '-7.41301823'),
(612, 2, '109.23615265', '-7.413285730000001'),
(613, 2, '109.23625183', '-7.413205620000001'),
(614, 2, '109.23634338', '-7.41306305'),
(615, 2, '109.23641968', '-7.41277695'),
(616, 2, '109.23665619', '-7.41259098'),
(617, 2, '109.23699951', '-7.41252613'),
(618, 2, '109.23720551', '-7.41253805'),
(619, 2, '109.23737335', '-7.41261578'),
(620, 2, '109.23744202', '-7.41271448'),
(621, 2, '109.23724365', '-7.41346264'),
(622, 2, '109.23712158', '-7.413759709999999'),
(623, 2, '109.23734283', '-7.413870329999999'),
(624, 2, '109.23751831', '-7.414300440000001'),
(625, 2, '109.23756409', '-7.41438532'),
(626, 2, '109.23748779', '-7.41444349'),
(627, 2, '109.23741913', '-7.41468525'),
(628, 2, '109.23740387', '-7.41477156'),
(629, 2, '109.23751831', '-7.41479826'),
(630, 2, '109.23747253', '-7.41492987'),
(631, 2, '109.2375946', '-7.41495466'),
(632, 2, '109.2377243', '-7.41500044'),
(633, 2, '109.23774719', '-7.41509628'),
(634, 2, '109.23839569', '-7.41511631'),
(635, 2, '109.23887634', '-7.415369510000001'),
(636, 2, '109.23942566', '-7.41568995'),
(637, 2, '109.23952484', '-7.4157486'),
(638, 2, '109.23988342', '-7.41608524'),
(639, 2, '109.24065399', '-7.41629744'),
(640, 2, '109.24131775', '-7.41664457'),
(641, 2, '109.24188995', '-7.41684675'),
(642, 2, '109.24317169', '-7.417270660000001'),
(643, 2, '109.24442291', '-7.41738033'),
(644, 2, '109.2458725', '-7.41755342'),
(645, 2, '109.2469635', '-7.417515749999999'),
(646, 2, '109.24769592', '-7.41749763'),
(647, 2, '109.24771881', '-7.41701651'),
(648, 2, '109.24773407', '-7.41666698'),
(649, 2, '109.24822235', '-7.41665649'),
(650, 2, '109.24832916', '-7.41605759'),
(651, 2, '109.24840546', '-7.41561747'),
(652, 2, '109.24827576', '-7.41559553'),
(653, 2, '109.24819183', '-7.41538'),
(654, 2, '109.24810028', '-7.41518497'),
(655, 2, '109.2481308', '-7.41509295'),
(656, 2, '109.24845886', '-7.41512966'),
(657, 2, '109.24846649', '-7.4150238'),
(658, 2, '109.24856567', '-7.41499233'),
(659, 2, '109.24874878', '-7.41467571'),
(660, 2, '109.24892426', '-7.414502620000001'),
(661, 2, '109.24911499', '-7.41448259'),
(662, 2, '109.2491684', '-7.41436005'),
(663, 2, '109.24895477', '-7.41430807'),
(664, 2, '109.24900818', '-7.414175030000001'),
(665, 2, '109.24911499', '-7.413861270000001'),
(666, 2, '109.24936676', '-7.4138546'),
(667, 2, '109.24942017', '-7.41372299'),
(668, 2, '109.24945068', '-7.41361284'),
(669, 2, '109.24966431', '-7.41363049'),
(670, 2, '109.2498703', '-7.413661'),
(671, 2, '109.25009155', '-7.41368771'),
(672, 2, '109.25018311', '-7.413785459999999'),
(673, 2, '109.25027466', '-7.41383171'),
(674, 2, '109.2502594', '-7.413904670000001'),
(675, 2, '109.25027466', '-7.41398525'),
(676, 2, '109.25035095', '-7.41414261'),
(677, 2, '109.25037384', '-7.41432142'),
(678, 2, '109.25036621', '-7.41442537'),
(679, 2, '109.25042725', '-7.414485450000001'),
(680, 2, '109.25052643', '-7.414483069999999'),
(681, 2, '109.25069427', '-7.41480017'),
(682, 2, '109.25115967', '-7.414739130000001'),
(683, 2, '109.25184631', '-7.41471291'),
(684, 2, '109.25235748', '-7.41471529'),
(685, 2, '109.25258636', '-7.41457319'),
(686, 2, '109.25261688', '-7.4138875'),
(687, 2, '109.25336456', '-7.41374731'),
(688, 2, '109.25422668', '-7.41326523'),
(689, 2, '109.25543213', '-7.41295528'),
(690, 2, '109.2559433', '-7.412271499999999'),
(691, 2, '109.2567215', '-7.4116745'),
(692, 2, '109.25718689', '-7.41076183'),
(693, 2, '109.25764465', '-7.41019249'),
(694, 2, '109.25813293', '-7.40953684'),
(695, 2, '109.25907898', '-7.40888357'),
(696, 2, '109.25982666', '-7.40842915'),
(697, 2, '109.26039886', '-7.40808868'),
(698, 2, '109.26074219', '-7.407790180000001'),
(699, 2, '109.26134491', '-7.40812063'),
(700, 2, '109.2615509', '-7.40832567'),
(701, 2, '109.26168823', '-7.408950810000001'),
(702, 2, '109.26176453', '-7.40977955'),
(703, 2, '109.26165009', '-7.410151'),
(704, 2, '109.26193237', '-7.410780430000001'),
(705, 2, '109.26264954', '-7.41155481'),
(706, 2, '109.26327515', '-7.412214759999999'),
(707, 2, '109.2642746', '-7.412761690000001'),
(708, 2, '109.26481628', '-7.413363459999999'),
(709, 2, '109.26558685', '-7.41462421'),
(710, 2, '109.26626587', '-7.41596985'),
(711, 2, '109.26695251', '-7.41657257'),
(712, 2, '109.26708984', '-7.41685867'),
(713, 2, '109.26696777', '-7.417100429999999'),
(714, 2, '109.26705933', '-7.41722918'),
(715, 2, '109.26701355', '-7.41739702'),
(716, 2, '109.26687622', '-7.4175458'),
(717, 2, '109.26689148', '-7.41785812'),
(718, 2, '109.26674652', '-7.41820049'),
(719, 2, '109.26705933', '-7.41874456'),
(720, 2, '109.26742554', '-7.419203280000001'),
(721, 2, '109.26765442', '-7.41952181'),
(722, 2, '109.26753998', '-7.419530390000001'),
(723, 2, '109.2675705', '-7.419918540000001'),
(724, 2, '109.2673645', '-7.420289040000001'),
(725, 2, '109.26719666', '-7.42063141'),
(726, 2, '109.26699066', '-7.420944690000001'),
(727, 2, '109.26676178', '-7.421572689999999'),
(728, 2, '109.2665329', '-7.42191458'),
(729, 2, '109.2660141', '-7.42214108'),
(730, 2, '109.2657547', '-7.42234039'),
(731, 2, '109.26567078', '-7.422797200000001'),
(732, 2, '109.26592255', '-7.42308378'),
(733, 2, '109.26634979', '-7.42337132'),
(734, 2, '109.26651764', '-7.42408609'),
(735, 2, '109.26654816', '-7.42465782'),
(736, 2, '109.26674652', '-7.42525864'),
(737, 2, '109.26714325', '-7.425317290000001'),
(738, 2, '109.2678299', '-7.42580605'),
(739, 2, '109.26786041', '-7.42603493'),
(740, 2, '109.26820374', '-7.42640734'),
(741, 2, '109.26831055', '-7.426750660000001'),
(742, 2, '109.2681427', '-7.42703581'),
(743, 2, '109.26862335', '-7.427437779999999'),
(744, 2, '109.26908112', '-7.427811150000001'),
(745, 2, '109.26959991', '-7.428213120000001'),
(746, 2, '109.26992035', '-7.42851877'),
(747, 2, '109.27012634', '-7.428485870000001'),
(748, 2, '109.27030945', '-7.42849445'),
(749, 2, '109.27057648', '-7.42847967'),
(750, 2, '109.2707901', '-7.428540230000001'),
(751, 2, '109.27095032', '-7.42864466'),
(752, 2, '109.27100372', '-7.4287405'),
(753, 2, '109.27102661', '-7.42881632'),
(754, 2, '109.27102661', '-7.42898417'),
(755, 2, '109.27097321', '-7.4291153'),
(756, 2, '109.27087402', '-7.429198739999999'),
(757, 2, '109.27080536', '-7.429250240000001'),
(758, 2, '109.2706604', '-7.42928982'),
(759, 2, '109.27047729', '-7.42925453'),
(760, 2, '109.27056122', '-7.42973137'),
(761, 2, '109.27064514', '-7.43013191'),
(762, 2, '109.27059174', '-7.43058872'),
(763, 2, '109.27046967', '-7.43104553'),
(764, 2, '109.27066803', '-7.43150377'),
(765, 2, '109.27115631', '-7.43190575'),
(766, 2, '109.27189636', '-7.43242311'),
(767, 2, '109.27238464', '-7.432910439999999'),
(768, 2, '109.27236938', '-7.43299723'),
(769, 3, '109.19704437', '-7.43171787'),
(770, 3, '109.19717407', '-7.43086958'),
(771, 3, '109.20069885', '-7.43078566'),
(772, 3, '109.20082092', '-7.430772779999999'),
(773, 3, '109.20102692', '-7.4307909'),
(774, 3, '109.20140839', '-7.43079996'),
(775, 3, '109.20167542', '-7.4307642'),
(776, 3, '109.20176697', '-7.43077898'),
(777, 3, '109.20207977', '-7.430743689999999'),
(778, 3, '109.2021637', '-7.430757520000001'),
(779, 3, '109.2026062', '-7.43070889'),
(780, 3, '109.2042923', '-7.43052578'),
(781, 3, '109.20453644', '-7.43160105'),
(782, 3, '109.20658112', '-7.43152094'),
(783, 3, '109.20906067', '-7.431391239999999'),
(784, 3, '109.21065521', '-7.43133497'),
(785, 3, '109.21152496', '-7.43132019'),
(786, 3, '109.21153259', '-7.4312458'),
(787, 3, '109.21191406', '-7.431262489999999'),
(788, 3, '109.21208191', '-7.43125868'),
(789, 3, '109.21219635', '-7.431036'),
(790, 3, '109.21192932', '-7.43084574'),
(791, 3, '109.21163177', '-7.43057919'),
(792, 3, '109.21138', '-7.430313110000001'),
(793, 3, '109.21085358', '-7.43021631'),
(794, 3, '109.21080017', '-7.42991304'),
(795, 3, '109.21094513', '-7.42976189'),
(796, 3, '109.21136475', '-7.42957449'),
(797, 3, '109.21159363', '-7.42932892'),
(798, 3, '109.21151733', '-7.42906332'),
(799, 3, '109.21114349', '-7.42860746'),
(800, 3, '109.21086121', '-7.42837906'),
(801, 3, '109.21082306', '-7.42824602'),
(802, 3, '109.21073151', '-7.428258899999999'),
(803, 3, '109.21050262', '-7.428093429999999'),
(804, 3, '109.21018219', '-7.427656650000001'),
(805, 3, '109.20989227', '-7.427617549999999'),
(806, 3, '109.20963287', '-7.427332399999999'),
(807, 3, '109.20944214', '-7.42717981'),
(808, 3, '109.20932007', '-7.426904680000001'),
(809, 3, '109.20914459', '-7.42699051'),
(810, 3, '109.20879364', '-7.427032950000001'),
(811, 3, '109.20606995', '-7.42724085'),
(812, 3, '109.20239258', '-7.4246521'),
(813, 3, '109.20215607', '-7.424487109999999'),
(814, 3, '109.20158386', '-7.424002650000001'),
(815, 3, '109.20126343', '-7.42310333'),
(816, 3, '109.20101166', '-7.423150540000001'),
(817, 3, '109.20063782', '-7.42341423'),
(818, 3, '109.20006561', '-7.42344713'),
(819, 3, '109.19967651', '-7.42355204'),
(820, 3, '109.19943237', '-7.42390442'),
(821, 3, '109.19944763', '-7.424293520000001'),
(822, 3, '109.19907379', '-7.42439842'),
(823, 3, '109.1979599', '-7.42446423'),
(824, 3, '109.19770813', '-7.42476416'),
(825, 3, '109.19742584', '-7.424798010000001'),
(826, 3, '109.19682312', '-7.42391157'),
(827, 3, '109.19659424', '-7.423769'),
(828, 3, '109.19663239', '-7.423345089999999'),
(829, 3, '109.19620514', '-7.42304277'),
(830, 3, '109.19589233', '-7.422652239999999'),
(831, 3, '109.19550323', '-7.42265081'),
(832, 3, '109.19538879', '-7.42268133'),
(833, 3, '109.19541168', '-7.42278481'),
(834, 3, '109.19513702', '-7.422863009999999'),
(835, 3, '109.19468689', '-7.422979829999999'),
(836, 3, '109.19441223', '-7.42303324'),
(837, 3, '109.19348145', '-7.423184389999999'),
(838, 3, '109.19281769', '-7.42324114'),
(839, 3, '109.19242859', '-7.423365120000001'),
(840, 3, '109.19223785', '-7.42311954'),
(841, 3, '109.19210052', '-7.42307138'),
(842, 3, '109.19207764', '-7.42290449'),
(843, 3, '109.19189453', '-7.422748570000001'),
(844, 3, '109.19161224', '-7.422580240000001'),
(845, 3, '109.19142151', '-7.42242479'),
(846, 3, '109.19133759', '-7.422221659999999'),
(847, 3, '109.1913147', '-7.42199516'),
(848, 3, '109.1914444', '-7.42171144'),
(849, 3, '109.19216919', '-7.421308990000001'),
(850, 3, '109.19245148', '-7.421153069999999'),
(851, 3, '109.19237518', '-7.42088652'),
(852, 3, '109.19256592', '-7.420873639999999'),
(853, 3, '109.1929245', '-7.420689109999999'),
(854, 3, '109.19339752', '-7.42055559'),
(855, 3, '109.19389343', '-7.420368669999999'),
(856, 3, '109.19391632', '-7.420240880000001'),
(857, 3, '109.19429779', '-7.42013168'),
(858, 3, '109.19460297', '-7.42002678'),
(859, 3, '109.1949234', '-7.41986847'),
(860, 3, '109.1951828', '-7.41981649'),
(861, 3, '109.19540405', '-7.41977453'),
(862, 3, '109.19557953', '-7.419764520000001'),
(863, 3, '109.19571686', '-7.41976547'),
(864, 3, '109.19590759', '-7.41975546'),
(865, 3, '109.19610596', '-7.4197669'),
(866, 3, '109.19630432', '-7.4198103'),
(867, 3, '109.19657898', '-7.419907090000001'),
(868, 3, '109.1967392', '-7.4200139'),
(869, 3, '109.19690704', '-7.42006779'),
(870, 3, '109.1971283', '-7.42015362'),
(871, 3, '109.19736481', '-7.42023993'),
(872, 3, '109.19755554', '-7.420314790000001'),
(873, 3, '109.19777679', '-7.4203372'),
(874, 3, '109.19817352', '-7.420083519999999'),
(875, 3, '109.19846344', '-7.419975760000001'),
(876, 3, '109.19850922', '-7.41976547'),
(877, 3, '109.19864655', '-7.41959476'),
(878, 3, '109.19869232', '-7.419416899999999'),
(879, 3, '109.19872284', '-7.419159890000001'),
(880, 3, '109.19874573', '-7.41902781'),
(881, 3, '109.1990509', '-7.419065950000001'),
(882, 3, '109.19914246', '-7.419052119999999'),
(883, 3, '109.19922638', '-7.41905355'),
(884, 3, '109.19939423', '-7.41904449'),
(885, 3, '109.19950104', '-7.41905785'),
(886, 3, '109.19957733', '-7.41906118'),
(887, 3, '109.19982147', '-7.41907835'),
(888, 3, '109.20004272', '-7.419085980000001'),
(889, 3, '109.20017242', '-7.41907024'),
(890, 3, '109.20023346', '-7.419012550000001'),
(891, 3, '109.20033264', '-7.41891718'),
(892, 3, '109.20036316', '-7.41879845'),
(893, 3, '109.20032501', '-7.41855288'),
(894, 3, '109.20036316', '-7.41827726'),
(895, 3, '109.20039368', '-7.41793394'),
(896, 3, '109.20041656', '-7.417609210000001'),
(897, 3, '109.20045471', '-7.41746855'),
(898, 3, '109.20043945', '-7.417384619999999'),
(899, 3, '109.19984436', '-7.4173007'),
(900, 3, '109.19985962', '-7.41655731'),
(901, 3, '109.19987488', '-7.416236879999999'),
(902, 3, '109.19969177', '-7.41544247'),
(903, 3, '109.19973755', '-7.415056229999999'),
(904, 3, '109.19981384', '-7.41441631'),
(905, 3, '109.19988251', '-7.41416168'),
(906, 3, '109.19986725', '-7.41389704'),
(907, 3, '109.19992828', '-7.41362238'),
(908, 3, '109.20004272', '-7.41341925'),
(909, 3, '109.20010376', '-7.41322231'),
(910, 3, '109.2002182', '-7.41281891'),
(911, 3, '109.20030212', '-7.4122386'),
(912, 3, '109.20030212', '-7.41202068'),
(913, 3, '109.1999588', '-7.41177607'),
(914, 3, '109.19947052', '-7.411717890000001'),
(915, 3, '109.19919586', '-7.411654'),
(916, 3, '109.19909668', '-7.41154766'),
(917, 3, '109.19909668', '-7.41142273'),
(918, 3, '109.1989975', '-7.411228659999999'),
(919, 3, '109.19888306', '-7.41122198'),
(920, 3, '109.19876099', '-7.411171439999999'),
(921, 3, '109.19896698', '-7.41064453'),
(922, 3, '109.19948578', '-7.41078234'),
(923, 3, '109.19956207', '-7.41061878'),
(924, 3, '109.19984436', '-7.41011953'),
(925, 3, '109.20027161', '-7.41032124'),
(926, 3, '109.20052338', '-7.410396100000001'),
(927, 3, '109.20066833', '-7.410450939999999'),
(928, 3, '109.20072937', '-7.40993881'),
(929, 3, '109.20128632', '-7.41003513'),
(930, 3, '109.20126343', '-7.41040516'),
(931, 3, '109.20156097', '-7.41048813'),
(932, 3, '109.20181274', '-7.4105587'),
(933, 3, '109.20172882', '-7.4110508'),
(934, 3, '109.2016983', '-7.41136026'),
(935, 3, '109.20201111', '-7.41146374'),
(936, 3, '109.20212555', '-7.41150093'),
(937, 3, '109.20213318', '-7.41166306'),
(938, 3, '109.2022171', '-7.41170788'),
(939, 3, '109.20240784', '-7.41172886'),
(940, 3, '109.20258331', '-7.411747459999999'),
(941, 3, '109.20466614', '-7.41207886'),
(942, 3, '109.20530701', '-7.41208124'),
(943, 3, '109.2065506', '-7.41216135'),
(944, 3, '109.20774078', '-7.41222572'),
(945, 3, '109.20822144', '-7.412107940000001'),
(946, 3, '109.20839691', '-7.412045960000001'),
(947, 3, '109.20848083', '-7.41201973'),
(948, 3, '109.20861053', '-7.41203499'),
(949, 3, '109.20919037', '-7.412066939999999'),
(950, 3, '109.2094574', '-7.412056920000001'),
(951, 3, '109.20954895', '-7.41205359'),
(952, 3, '109.21012115', '-7.41204071'),
(953, 3, '109.21046448', '-7.41216183'),
(954, 3, '109.21064758', '-7.41214705'),
(955, 3, '109.21155548', '-7.41232443'),
(956, 3, '109.21192932', '-7.412271019999999'),
(957, 3, '109.21366119', '-7.411840920000001'),
(958, 3, '109.21417999', '-7.41179466'),
(959, 3, '109.21508026', '-7.41171503'),
(960, 3, '109.21539307', '-7.41178751'),
(961, 3, '109.21572113', '-7.41180754'),
(962, 3, '109.21646118', '-7.41181087'),
(963, 3, '109.21746063', '-7.41181517'),
(964, 3, '109.2175293', '-7.4114852'),
(965, 3, '109.21768188', '-7.411453250000001'),
(966, 3, '109.21800995', '-7.41138411'),
(967, 3, '109.21843719', '-7.41129208'),
(968, 3, '109.21860504', '-7.410923'),
(969, 3, '109.21916199', '-7.41064835'),
(970, 3, '109.21951294', '-7.410641189999999'),
(971, 3, '109.21985626', '-7.41063452'),
(972, 3, '109.22103882', '-7.410150050000001'),
(973, 3, '109.22146606', '-7.41004848'),
(974, 3, '109.22206116', '-7.40986061'),
(975, 3, '109.22351074', '-7.409703249999999'),
(976, 3, '109.2243576', '-7.40978289'),
(977, 3, '109.22515869', '-7.40983486'),
(978, 3, '109.22527313', '-7.40978098'),
(979, 3, '109.22545624', '-7.409646029999999'),
(980, 3, '109.22563934', '-7.40962744'),
(981, 3, '109.22592163', '-7.40959883'),
(982, 3, '109.22640228', '-7.409557340000001'),
(983, 3, '109.22644806', '-7.40985632'),
(984, 3, '109.22655487', '-7.410155770000001'),
(985, 3, '109.22668457', '-7.4103651'),
(986, 3, '109.22666931', '-7.41045809'),
(987, 3, '109.22676849', '-7.41075706'),
(988, 3, '109.22683716', '-7.41101551'),
(989, 3, '109.22692871', '-7.411118980000001'),
(990, 3, '109.22703552', '-7.41119146'),
(991, 3, '109.22720337', '-7.41125822'),
(992, 3, '109.22743225', '-7.41124153'),
(993, 3, '109.22760773', '-7.41121769'),
(994, 3, '109.22769165', '-7.41135168'),
(995, 3, '109.22780609', '-7.4114728'),
(996, 3, '109.22789764', '-7.411532880000001'),
(997, 3, '109.22853088', '-7.411849020000001'),
(998, 3, '109.22873688', '-7.41194201'),
(999, 3, '109.22898102', '-7.41222572'),
(1000, 3, '109.22928619', '-7.41270018'),
(1001, 3, '109.22931671', '-7.41297722'),
(1002, 3, '109.22934723', '-7.413200380000001'),
(1003, 3, '109.22921753', '-7.41346931'),
(1004, 3, '109.22919464', '-7.41390848'),
(1005, 3, '109.22917175', '-7.41415119'),
(1006, 3, '109.22915649', '-7.41432476'),
(1007, 3, '109.22915649', '-7.41468477'),
(1008, 3, '109.22923279', '-7.41473341'),
(1009, 3, '109.22934723', '-7.414773939999999'),
(1010, 3, '109.22943878', '-7.41479778'),
(1011, 3, '109.22952271', '-7.41483498'),
(1012, 3, '109.2294693', '-7.41501474'),
(1013, 3, '109.22931671', '-7.415280820000001'),
(1014, 3, '109.22900391', '-7.415591240000001'),
(1015, 3, '109.22858429', '-7.41586637'),
(1016, 3, '109.22820282', '-7.41596889'),
(1017, 3, '109.22754669', '-7.415862080000001'),
(1018, 3, '109.22742462', '-7.4160943'),
(1019, 3, '109.22740173', '-7.41618013'),
(1020, 3, '109.22735596', '-7.416300770000001'),
(1021, 3, '109.22729492', '-7.41644049'),
(1022, 3, '109.2271347', '-7.41698122'),
(1023, 3, '109.22684479', '-7.417231079999999'),
(1024, 3, '109.22666931', '-7.41749334'),
(1025, 3, '109.22670746', '-7.41759491'),
(1026, 3, '109.22682953', '-7.41765165'),
(1027, 3, '109.22697449', '-7.41755104'),
(1028, 3, '109.22711945', '-7.417378899999999'),
(1029, 3, '109.22724152', '-7.41715431'),
(1030, 3, '109.22756195', '-7.41712523'),
(1031, 3, '109.22781372', '-7.41712999'),
(1032, 3, '109.22809601', '-7.417153840000001'),
(1033, 3, '109.2284317', '-7.41716623'),
(1034, 3, '109.22919464', '-7.417176720000001'),
(1035, 3, '109.22962952', '-7.41715622'),
(1036, 3, '109.2297821', '-7.4171381'),
(1037, 3, '109.23001099', '-7.41711473'),
(1038, 3, '109.23101044', '-7.41712189'),
(1039, 3, '109.23312378', '-7.41699171'),
(1040, 3, '109.23287964', '-7.41737175'),
(1041, 3, '109.23246002', '-7.41778517'),
(1042, 3, '109.23228455', '-7.41819954'),
(1043, 3, '109.23197174', '-7.41819859'),
(1044, 3, '109.23179626', '-7.418647770000001'),
(1045, 3, '109.23155212', '-7.41888905'),
(1046, 3, '109.23130798', '-7.41916466'),
(1047, 3, '109.23078918', '-7.41888571'),
(1048, 3, '109.23064423', '-7.41885424'),
(1049, 3, '109.23059082', '-7.41893911'),
(1050, 3, '109.23022461', '-7.418974880000001'),
(1051, 3, '109.22997284', '-7.41972065'),
(1052, 3, '109.22956848', '-7.41964006'),
(1053, 3, '109.22940063', '-7.41968822'),
(1054, 3, '109.22918701', '-7.41988277'),
(1055, 3, '109.22892761', '-7.41989279'),
(1056, 3, '109.22880554', '-7.419974800000001'),
(1057, 3, '109.22859955', '-7.42025185'),
(1058, 3, '109.22858429', '-7.42043543'),
(1059, 3, '109.22864532', '-7.4206872'),
(1060, 3, '109.22882843', '-7.4208045'),
(1061, 3, '109.22882843', '-7.42096567'),
(1062, 3, '109.22889709', '-7.42109346'),
(1063, 3, '109.22885895', '-7.42122078'),
(1064, 3, '109.22875977', '-7.42126465'),
(1065, 3, '109.22877502', '-7.421426300000001'),
(1066, 3, '109.22864532', '-7.42180872'),
(1067, 3, '109.22875214', '-7.422404289999999'),
(1068, 3, '109.22844696', '-7.42245436'),
(1069, 3, '109.22832489', '-7.42267561'),
(1070, 3, '109.22796631', '-7.42265701'),
(1071, 3, '109.22784424', '-7.42296314'),
(1072, 3, '109.22777557', '-7.423235890000001'),
(1073, 3, '109.22769165', '-7.42350817'),
(1074, 3, '109.22762299', '-7.423797610000001'),
(1075, 3, '109.22750092', '-7.42398453'),
(1076, 3, '109.22744751', '-7.42420578'),
(1077, 3, '109.22736359', '-7.42446136'),
(1078, 3, '109.22723389', '-7.425005909999999'),
(1079, 3, '109.2273941', '-7.425126080000001'),
(1080, 3, '109.22730255', '-7.42551804'),
(1081, 3, '109.22706604', '-7.425840850000001'),
(1082, 3, '109.22724915', '-7.42635298'),
(1083, 3, '109.22705841', '-7.42689753'),
(1084, 3, '109.22716522', '-7.42728996'),
(1085, 3, '109.2269516', '-7.42776632'),
(1086, 3, '109.22702026', '-7.428158760000001'),
(1087, 3, '109.22708893', '-7.42861891'),
(1088, 3, '109.22715759', '-7.42892599'),
(1089, 3, '109.22740936', '-7.42914867'),
(1090, 3, '109.22769928', '-7.42935419'),
(1091, 3, '109.22797394', '-7.429304119999999'),
(1092, 3, '109.22819519', '-7.42932224'),
(1093, 3, '109.22845459', '-7.42928934'),
(1094, 3, '109.2286377', '-7.429221630000001'),
(1095, 3, '109.22874451', '-7.42908573'),
(1096, 3, '109.22886658', '-7.42876244'),
(1097, 3, '109.22903442', '-7.42845631'),
(1098, 3, '109.22905731', '-7.42806435'),
(1099, 3, '109.22928619', '-7.42785072'),
(1100, 3, '109.22925568', '-7.42774153'),
(1101, 3, '109.22924042', '-7.42759037'),
(1102, 3, '109.22905731', '-7.42740059'),
(1103, 3, '109.22894287', '-7.42733383'),
(1104, 3, '109.22887421', '-7.42722034'),
(1105, 3, '109.22885895', '-7.42712164'),
(1106, 3, '109.22904205', '-7.42708778'),
(1107, 3, '109.22909546', '-7.427144050000001'),
(1108, 3, '109.22943115', '-7.42711163'),
(1109, 3, '109.22958374', '-7.427537919999999'),
(1110, 3, '109.22966766', '-7.427828309999999'),
(1111, 3, '109.22997284', '-7.428272719999999'),
(1112, 3, '109.23026276', '-7.42825651'),
(1113, 3, '109.23042297', '-7.42810392'),
(1114, 3, '109.23059082', '-7.428087709999999'),
(1115, 3, '109.23085022', '-7.42819071'),
(1116, 3, '109.23118591', '-7.42836285'),
(1117, 3, '109.23147583', '-7.42850018'),
(1118, 3, '109.23180389', '-7.428586479999999'),
(1119, 3, '109.23197174', '-7.42868948'),
(1120, 3, '109.23216248', '-7.42879248'),
(1121, 3, '109.23238373', '-7.42887878'),
(1122, 3, '109.23238373', '-7.42903233'),
(1123, 3, '109.2322464', '-7.42916775'),
(1124, 3, '109.23215485', '-7.429389'),
(1125, 3, '109.2321701', '-7.42959356'),
(1126, 3, '109.23212433', '-7.42976379'),
(1127, 3, '109.23208618', '-7.429934499999999'),
(1128, 3, '109.23203278', '-7.43008757'),
(1129, 3, '109.23208618', '-7.43027496'),
(1130, 3, '109.2323761', '-7.430412770000001'),
(1131, 3, '109.23252869', '-7.43061781'),
(1132, 3, '109.23242188', '-7.43145275'),
(1133, 3, '109.23239136', '-7.431715970000001'),
(1134, 3, '109.23249817', '-7.4317317'),
(1135, 3, '109.23245239', '-7.43242741'),
(1136, 3, '109.23223877', '-7.43264389'),
(1137, 3, '109.23209381', '-7.43329048'),
(1138, 3, '109.23199463', '-7.43389988'),
(1139, 3, '109.23194122', '-7.434260850000001'),
(1140, 3, '109.23167419', '-7.434406760000001'),
(1141, 3, '109.23120117', '-7.43452263'),
(1142, 3, '109.23117828', '-7.43538284'),
(1143, 3, '109.23117065', '-7.43561125'),
(1144, 3, '109.23093414', '-7.43666887'),
(1145, 3, '109.23022461', '-7.436604499999999'),
(1146, 3, '109.22958374', '-7.436492919999999'),
(1147, 3, '109.2293396', '-7.43645096'),
(1148, 3, '109.22922516', '-7.43590879'),
(1149, 3, '109.22891235', '-7.43580389'),
(1150, 3, '109.22872925', '-7.4353075'),
(1151, 3, '109.22789764', '-7.43521214'),
(1152, 3, '109.22768402', '-7.43477345'),
(1153, 3, '109.22732544', '-7.43461037'),
(1154, 3, '109.22678375', '-7.43420506'),
(1155, 3, '109.22633362', '-7.434007170000001'),
(1156, 3, '109.22608948', '-7.43401766'),
(1157, 3, '109.22550201', '-7.43453407'),
(1158, 3, '109.22446442', '-7.4340806'),
(1159, 3, '109.22425842', '-7.433768749999999'),
(1160, 3, '109.22451782', '-7.43320465'),
(1161, 3, '109.22505951', '-7.43299103'),
(1162, 3, '109.22470093', '-7.432893279999999'),
(1163, 3, '109.22497559', '-7.43266916'),
(1164, 3, '109.22518158', '-7.432444570000001'),
(1165, 3, '109.22405243', '-7.4319768'),
(1166, 3, '109.22406769', '-7.431884769999999'),
(1167, 3, '109.22374725', '-7.432015419999999'),
(1168, 3, '109.22227478', '-7.43114853'),
(1169, 3, '109.22193146', '-7.43102789'),
(1170, 3, '109.22185516', '-7.43117905'),
(1171, 3, '109.22190857', '-7.431239600000001'),
(1172, 3, '109.22164154', '-7.431675909999999'),
(1173, 3, '109.22146606', '-7.431650159999999'),
(1174, 3, '109.22129059', '-7.43185997'),
(1175, 3, '109.22108459', '-7.43179274'),
(1176, 3, '109.22087097', '-7.431407930000001'),
(1177, 3, '109.22063446', '-7.43131399'),
(1178, 3, '109.2205658', '-7.43119478'),
(1179, 3, '109.22029877', '-7.43132591'),
(1180, 3, '109.21997833', '-7.43150997'),
(1181, 3, '109.21987152', '-7.4316287'),
(1182, 3, '109.2199707', '-7.43170261'),
(1183, 3, '109.21994019', '-7.431880950000001'),
(1184, 3, '109.21974182', '-7.43193293'),
(1185, 3, '109.21936798', '-7.433004379999999'),
(1186, 3, '109.21920776', '-7.43332148'),
(1187, 3, '109.21881866', '-7.43359804'),
(1188, 3, '109.2186203', '-7.43398094'),
(1189, 3, '109.21836853', '-7.43417883'),
(1190, 3, '109.21826172', '-7.43420649'),
(1191, 3, '109.2177887', '-7.43499756'),
(1192, 3, '109.21716309', '-7.43575001'),
(1193, 3, '109.2168045', '-7.43631792'),
(1194, 3, '109.21664429', '-7.436433320000001'),
(1195, 3, '109.2164917', '-7.43639183'),
(1196, 3, '109.21624756', '-7.43654823'),
(1197, 3, '109.21607971', '-7.43686199'),
(1198, 3, '109.21553802', '-7.437347890000001'),
(1199, 3, '109.2157135', '-7.437427040000001'),
(1200, 3, '109.21585846', '-7.43743181'),
(1201, 3, '109.21573639', '-7.437601090000001'),
(1202, 3, '109.21537781', '-7.43784475'),
(1203, 3, '109.21486664', '-7.43819046'),
(1204, 3, '109.21491241', '-7.438482280000001'),
(1205, 3, '109.21463013', '-7.438715929999999'),
(1206, 3, '109.2144165', '-7.438969609999999'),
(1207, 3, '109.21422577', '-7.43912792'),
(1208, 3, '109.213974', '-7.4393177'),
(1209, 3, '109.21378326', '-7.43964577'),
(1210, 3, '109.21346283', '-7.43990946'),
(1211, 3, '109.21318817', '-7.44015265'),
(1212, 3, '109.2130127', '-7.44038486'),
(1213, 3, '109.21289063', '-7.44062853'),
(1214, 3, '109.21271515', '-7.44070196'),
(1215, 3, '109.21250153', '-7.44080734'),
(1216, 3, '109.21243286', '-7.44094992'),
(1217, 3, '109.21235657', '-7.44111395'),
(1218, 3, '109.21216583', '-7.44128323'),
(1219, 3, '109.21208191', '-7.441315649999999'),
(1220, 3, '109.21216583', '-7.44144917'),
(1221, 3, '109.21233368', '-7.44142771'),
(1222, 3, '109.21264648', '-7.44150639'),
(1223, 3, '109.21286774', '-7.44156265'),
(1224, 3, '109.21308899', '-7.44189644'),
(1225, 3, '109.21315765', '-7.44222975');
INSERT INTO `poligon` (`id_poligon`, `id_kecamatan`, `lat`, `lng`) VALUES
(1226, 3, '109.21321869', '-7.44256258'),
(1227, 3, '109.21326447', '-7.44293976'),
(1228, 3, '109.2133255', '-7.44347239'),
(1229, 3, '109.21342468', '-7.4440608'),
(1230, 3, '109.21350861', '-7.44462681'),
(1231, 3, '109.21354675', '-7.44485998'),
(1232, 3, '109.21346283', '-7.44492102'),
(1233, 3, '109.2134552', '-7.44504786'),
(1234, 3, '109.21340179', '-7.4450984'),
(1235, 3, '109.21336365', '-7.445208550000001'),
(1236, 3, '109.21323395', '-7.44523048'),
(1237, 3, '109.21309662', '-7.445200439999999'),
(1238, 3, '109.21292114', '-7.445177560000001'),
(1239, 3, '109.2127533', '-7.44520617'),
(1240, 3, '109.21255493', '-7.445360179999999'),
(1241, 3, '109.21234131', '-7.44549274'),
(1242, 3, '109.21047211', '-7.44531584'),
(1243, 3, '109.20849609', '-7.44512987'),
(1244, 3, '109.20852661', '-7.44501114'),
(1245, 3, '109.20874786', '-7.44455528'),
(1246, 3, '109.20883179', '-7.44399977'),
(1247, 3, '109.20905304', '-7.44340563'),
(1248, 3, '109.2091217', '-7.44334888'),
(1249, 3, '109.20899963', '-7.44267368'),
(1250, 3, '109.2085495', '-7.44253349'),
(1251, 3, '109.20798492', '-7.44234037'),
(1252, 3, '109.2075119', '-7.44215775'),
(1253, 3, '109.20674896', '-7.44168758'),
(1254, 3, '109.20611572', '-7.44146156'),
(1255, 3, '109.20536804', '-7.441161629999999'),
(1256, 3, '109.20469666', '-7.44114828'),
(1257, 3, '109.2039566', '-7.44121933'),
(1258, 3, '109.2035141', '-7.44131184'),
(1259, 3, '109.2027359', '-7.44088888'),
(1260, 3, '109.2026825', '-7.44079018'),
(1261, 3, '109.20227814', '-7.44048882'),
(1262, 3, '109.20189667', '-7.44019985'),
(1263, 3, '109.20114899', '-7.43985987'),
(1264, 3, '109.2004776', '-7.439517019999999'),
(1265, 3, '109.19998932', '-7.43926287'),
(1266, 3, '109.19908142', '-7.439069750000001'),
(1267, 3, '109.19844818', '-7.438753129999999'),
(1268, 3, '109.19813538', '-7.4385047'),
(1269, 3, '109.19791412', '-7.43814468'),
(1270, 3, '109.19777679', '-7.43787479'),
(1271, 3, '109.19769287', '-7.43738079'),
(1272, 3, '109.19771576', '-7.43684244'),
(1273, 3, '109.19812775', '-7.43480158'),
(1274, 3, '109.19815826', '-7.43399382'),
(1275, 3, '109.19813538', '-7.43336535'),
(1276, 3, '109.19782257', '-7.43257856'),
(1277, 3, '109.1974411', '-7.432060720000001'),
(1278, 3, '109.19704437', '-7.43171787'),
(1279, 4, '109.2578125', '-7.44591522'),
(1280, 4, '109.25801849', '-7.44635916'),
(1281, 4, '109.25830841', '-7.44645071'),
(1282, 4, '109.25848389', '-7.44665051'),
(1283, 4, '109.25887299', '-7.44705009'),
(1284, 4, '109.25910187', '-7.44740486'),
(1285, 4, '109.25904083', '-7.44765902'),
(1286, 4, '109.25883484', '-7.44781303'),
(1287, 4, '109.25861359', '-7.44787836'),
(1288, 4, '109.25837708', '-7.44798803'),
(1289, 4, '109.25791931', '-7.44823456'),
(1290, 4, '109.25791931', '-7.44847679'),
(1291, 4, '109.25797272', '-7.448839660000001'),
(1292, 4, '109.25795746', '-7.44894695'),
(1293, 4, '109.25793457', '-7.44914389'),
(1294, 4, '109.25811005', '-7.451365470000001'),
(1295, 4, '109.25788116', '-7.45129013'),
(1296, 4, '109.25733185', '-7.45140696'),
(1297, 4, '109.257164', '-7.45202017'),
(1298, 4, '109.25720215', '-7.45243597'),
(1299, 4, '109.25688934', '-7.4529295'),
(1300, 4, '109.25654602', '-7.45338345'),
(1301, 4, '109.25682068', '-7.45368147'),
(1302, 4, '109.25694275', '-7.4538064'),
(1303, 4, '109.25680542', '-7.4541564'),
(1304, 4, '109.25650024', '-7.4546504'),
(1305, 4, '109.25590515', '-7.45502377'),
(1306, 4, '109.25523376', '-7.45539761'),
(1307, 4, '109.2545929', '-7.45567179'),
(1308, 4, '109.25363922', '-7.4557476'),
(1309, 4, '109.2526474', '-7.45598125'),
(1310, 4, '109.25203705', '-7.456077580000001'),
(1311, 4, '109.25184631', '-7.45615959'),
(1312, 4, '109.25063324', '-7.45617199'),
(1313, 4, '109.25061035', '-7.45679569'),
(1314, 4, '109.25071716', '-7.45690012'),
(1315, 4, '109.25070953', '-7.4577322'),
(1316, 4, '109.25070953', '-7.45828676'),
(1317, 4, '109.25018311', '-7.45894337'),
(1318, 4, '109.25011444', '-7.45932484'),
(1319, 4, '109.25087738', '-7.45950127'),
(1320, 4, '109.2518158', '-7.46026754'),
(1321, 4, '109.25274658', '-7.46068716'),
(1322, 4, '109.2527771', '-7.46079731'),
(1323, 4, '109.25340271', '-7.461244579999999'),
(1324, 4, '109.25423431', '-7.46239185'),
(1325, 4, '109.25475311', '-7.46328306'),
(1326, 4, '109.25467682', '-7.46378279'),
(1327, 4, '109.25460052', '-7.46444988'),
(1328, 4, '109.2545929', '-7.46491432'),
(1329, 4, '109.25455475', '-7.46533108'),
(1330, 4, '109.25449371', '-7.465747830000001'),
(1331, 4, '109.25441742', '-7.46631336'),
(1332, 4, '109.25442505', '-7.4665308'),
(1333, 4, '109.25418854', '-7.466489320000001'),
(1334, 4, '109.25415039', '-7.46700287'),
(1335, 4, '109.25351715', '-7.46863031'),
(1336, 4, '109.25291443', '-7.4709506'),
(1337, 4, '109.25197601', '-7.47177887'),
(1338, 4, '109.25120544', '-7.47389078'),
(1339, 4, '109.25088501', '-7.47492981'),
(1340, 4, '109.25049591', '-7.476453779999999'),
(1341, 4, '109.24983215', '-7.478080750000001'),
(1342, 4, '109.24941254', '-7.47776794'),
(1343, 4, '109.2493515', '-7.47801733'),
(1344, 4, '109.24912262', '-7.47811127'),
(1345, 4, '109.24913025', '-7.477573870000001'),
(1346, 4, '109.24912262', '-7.47697735'),
(1347, 4, '109.24905396', '-7.476592540000001'),
(1348, 4, '109.24906158', '-7.476048950000001'),
(1349, 4, '109.24901581', '-7.47593307'),
(1350, 4, '109.24906158', '-7.47569942'),
(1351, 4, '109.2490387', '-7.47517252'),
(1352, 4, '109.24902344', '-7.47476673'),
(1353, 4, '109.24904633', '-7.47377348'),
(1354, 4, '109.24899292', '-7.47316551'),
(1355, 4, '109.24899292', '-7.47243547'),
(1356, 4, '109.2489624', '-7.47183132'),
(1357, 4, '109.248909', '-7.47175121'),
(1358, 4, '109.24860382', '-7.47129059'),
(1359, 4, '109.24829865', '-7.4707427'),
(1360, 4, '109.24762726', '-7.46966839'),
(1361, 4, '109.24710083', '-7.46905375'),
(1362, 4, '109.24585724', '-7.46872091'),
(1363, 4, '109.24513245', '-7.468652250000001'),
(1364, 4, '109.24438477', '-7.468561649999999'),
(1365, 4, '109.2440567', '-7.4685607'),
(1366, 4, '109.24350739', '-7.468558310000001'),
(1367, 4, '109.24320221', '-7.46825075'),
(1368, 4, '109.24269867', '-7.46789885'),
(1369, 4, '109.24267578', '-7.46774387'),
(1370, 4, '109.24255371', '-7.46766949'),
(1371, 4, '109.24243164', '-7.467674730000001'),
(1372, 4, '109.24222565', '-7.4676671'),
(1373, 4, '109.24211884', '-7.467481139999999'),
(1374, 4, '109.24195862', '-7.46746922'),
(1375, 4, '109.24182129', '-7.46741104'),
(1376, 4, '109.24166107', '-7.46739912'),
(1377, 4, '109.24138641', '-7.467329500000001'),
(1378, 4, '109.2412262', '-7.46730566'),
(1379, 4, '109.2410202', '-7.46727085'),
(1380, 4, '109.24079132', '-7.467292790000001'),
(1381, 4, '109.24068451', '-7.46727943'),
(1382, 4, '109.24087524', '-7.4676795'),
(1383, 4, '109.240448', '-7.467677589999999'),
(1384, 4, '109.2401886', '-7.46782684'),
(1385, 4, '109.23970032', '-7.46804953'),
(1386, 4, '109.23886871', '-7.46804619'),
(1387, 4, '109.23774719', '-7.46800423'),
(1388, 4, '109.23718262', '-7.46826458'),
(1389, 4, '109.23669434', '-7.468487739999999'),
(1390, 4, '109.23616791', '-7.46841049'),
(1391, 4, '109.23571777', '-7.46822119'),
(1392, 4, '109.23545074', '-7.46827269'),
(1393, 4, '109.23558044', '-7.46809053'),
(1394, 4, '109.23567963', '-7.46795845'),
(1395, 4, '109.23639679', '-7.46769905'),
(1396, 4, '109.23677063', '-7.46751308'),
(1397, 4, '109.23693085', '-7.46694803'),
(1398, 4, '109.23647308', '-7.466799260000001'),
(1399, 4, '109.23621368', '-7.46608591'),
(1400, 4, '109.2357254', '-7.465858940000001'),
(1401, 4, '109.23516083', '-7.46536922'),
(1402, 4, '109.23464203', '-7.46465492'),
(1403, 4, '109.2335968', '-7.46326303'),
(1404, 4, '109.23273468', '-7.46217203'),
(1405, 4, '109.23255157', '-7.46149635'),
(1406, 4, '109.23202515', '-7.460669519999999'),
(1407, 4, '109.23203278', '-7.459907050000001'),
(1408, 4, '109.23195648', '-7.45958185'),
(1409, 4, '109.23162079', '-7.45898056'),
(1410, 4, '109.23143768', '-7.45781708'),
(1411, 4, '109.23143768', '-7.457069399999999'),
(1412, 4, '109.2314682', '-7.45697594'),
(1413, 4, '109.23155975', '-7.45676661'),
(1414, 4, '109.23168945', '-7.45669985'),
(1415, 4, '109.23188782', '-7.456530089999999'),
(1416, 4, '109.23194885', '-7.456470009999999'),
(1417, 4, '109.23239899', '-7.45580769'),
(1418, 4, '109.23165894', '-7.45554113'),
(1419, 4, '109.2307663', '-7.45539665'),
(1420, 4, '109.23033905', '-7.455112930000001'),
(1421, 4, '109.22977448', '-7.45501661'),
(1422, 4, '109.22930908', '-7.454780100000001'),
(1423, 4, '109.22907257', '-7.45440292'),
(1424, 4, '109.22884369', '-7.45402622'),
(1425, 4, '109.22859192', '-7.453951359999999'),
(1426, 4, '109.22861481', '-7.45383263'),
(1427, 4, '109.22867584', '-7.45365763'),
(1428, 4, '109.22874451', '-7.45343018'),
(1429, 4, '109.2287674', '-7.45318508'),
(1430, 4, '109.22868347', '-7.453166959999999'),
(1431, 4, '109.2284317', '-7.45310497'),
(1432, 4, '109.22822571', '-7.45305157'),
(1433, 4, '109.22795868', '-7.45312929'),
(1434, 4, '109.22789764', '-7.45324278'),
(1435, 4, '109.22773743', '-7.45323324'),
(1436, 4, '109.22770691', '-7.4531455'),
(1437, 4, '109.22769165', '-7.45304918'),
(1438, 4, '109.22764587', '-7.45290899'),
(1439, 4, '109.22758484', '-7.45272493'),
(1440, 4, '109.22753143', '-7.45256662'),
(1441, 4, '109.22742462', '-7.45253992'),
(1442, 4, '109.22715759', '-7.452570920000001'),
(1443, 4, '109.22705841', '-7.45228052'),
(1444, 4, '109.22705841', '-7.451528549999999'),
(1445, 4, '109.22702026', '-7.450541969999999'),
(1446, 4, '109.22678375', '-7.449507240000001'),
(1447, 4, '109.22660065', '-7.44870758'),
(1448, 4, '109.22664642', '-7.44856691'),
(1449, 4, '109.22665405', '-7.44819117'),
(1450, 4, '109.22669983', '-7.447486400000001'),
(1451, 4, '109.22647095', '-7.447015759999999'),
(1452, 4, '109.22642517', '-7.44649839'),
(1453, 4, '109.22647095', '-7.4457469'),
(1454, 4, '109.22642517', '-7.44551182'),
(1455, 4, '109.22640991', '-7.44511604'),
(1456, 4, '109.22666931', '-7.44504261'),
(1457, 4, '109.22676849', '-7.444894790000001'),
(1458, 4, '109.22673798', '-7.444725039999999'),
(1459, 4, '109.22665405', '-7.44461823'),
(1460, 4, '109.22653961', '-7.44454384'),
(1461, 4, '109.22640991', '-7.444465159999999'),
(1462, 4, '109.22652435', '-7.44414949'),
(1463, 4, '109.22624207', '-7.44372559'),
(1464, 4, '109.2257309', '-7.443347449999999'),
(1465, 4, '109.22554016', '-7.44306469'),
(1466, 4, '109.22512054', '-7.44286394'),
(1467, 4, '109.22528076', '-7.442782880000001'),
(1468, 4, '109.22507477', '-7.442593099999999'),
(1469, 4, '109.22451019', '-7.44235611'),
(1470, 4, '109.22389984', '-7.44188356'),
(1471, 4, '109.22333527', '-7.44155264'),
(1472, 4, '109.22328949', '-7.441928390000001'),
(1473, 4, '109.2230072', '-7.44183302'),
(1474, 4, '109.22257996', '-7.44169044'),
(1475, 4, '109.22253418', '-7.44131422'),
(1476, 4, '109.22206879', '-7.441124439999999'),
(1477, 4, '109.22131348', '-7.44074535'),
(1478, 4, '109.22027588', '-7.440506459999999'),
(1479, 4, '109.21939087', '-7.43998623'),
(1480, 4, '109.21826172', '-7.43941784'),
(1481, 4, '109.21713257', '-7.43889618'),
(1482, 4, '109.21637726', '-7.43851709'),
(1483, 4, '109.21623993', '-7.43842268'),
(1484, 4, '109.21537781', '-7.43784475'),
(1485, 4, '109.21573639', '-7.437601090000001'),
(1486, 4, '109.21585846', '-7.43743181'),
(1487, 4, '109.2157135', '-7.437427040000001'),
(1488, 4, '109.21553802', '-7.437347890000001'),
(1489, 4, '109.21607971', '-7.43686199'),
(1490, 4, '109.21624756', '-7.43654823'),
(1491, 4, '109.2164917', '-7.43639183'),
(1492, 4, '109.21664429', '-7.436433320000001'),
(1493, 4, '109.2168045', '-7.43631792'),
(1494, 4, '109.21716309', '-7.43575001'),
(1495, 4, '109.2177887', '-7.43499756'),
(1496, 4, '109.21826172', '-7.43420649'),
(1497, 4, '109.21836853', '-7.43417883'),
(1498, 4, '109.2186203', '-7.43398094'),
(1499, 4, '109.21881866', '-7.43359804'),
(1500, 4, '109.21920776', '-7.43332148'),
(1501, 4, '109.21936798', '-7.433004379999999'),
(1502, 4, '109.21974182', '-7.43193293'),
(1503, 4, '109.21994019', '-7.431880950000001'),
(1504, 4, '109.2199707', '-7.43170261'),
(1505, 4, '109.21987152', '-7.4316287'),
(1506, 4, '109.21997833', '-7.43150997'),
(1507, 4, '109.22029877', '-7.43132591'),
(1508, 4, '109.2205658', '-7.43119478'),
(1509, 4, '109.22063446', '-7.43131399'),
(1510, 4, '109.22087097', '-7.431407930000001'),
(1511, 4, '109.22108459', '-7.43179274'),
(1512, 4, '109.22129059', '-7.43185997'),
(1513, 4, '109.22146606', '-7.431650159999999'),
(1514, 4, '109.22164154', '-7.431675909999999'),
(1515, 4, '109.22190857', '-7.431239600000001'),
(1516, 4, '109.22185516', '-7.43117905'),
(1517, 4, '109.22193146', '-7.43102789'),
(1518, 4, '109.22227478', '-7.43114853'),
(1519, 4, '109.22374725', '-7.432015419999999'),
(1520, 4, '109.22406769', '-7.431884769999999'),
(1521, 4, '109.22405243', '-7.4319768'),
(1522, 4, '109.22518158', '-7.432444570000001'),
(1523, 4, '109.22497559', '-7.43266916'),
(1524, 4, '109.22470093', '-7.432893279999999'),
(1525, 4, '109.22505951', '-7.43299103'),
(1526, 4, '109.22451782', '-7.43320465'),
(1527, 4, '109.22425842', '-7.433768749999999'),
(1528, 4, '109.22446442', '-7.4340806'),
(1529, 4, '109.22550201', '-7.43453407'),
(1530, 4, '109.22608948', '-7.43401766'),
(1531, 4, '109.22633362', '-7.434007170000001'),
(1532, 4, '109.22678375', '-7.43420506'),
(1533, 4, '109.22732544', '-7.43461037'),
(1534, 4, '109.22768402', '-7.43477345'),
(1535, 4, '109.22789764', '-7.43521214'),
(1536, 4, '109.22872925', '-7.4353075'),
(1537, 4, '109.22891235', '-7.43580389'),
(1538, 4, '109.22922516', '-7.43590879'),
(1539, 4, '109.2293396', '-7.43645096'),
(1540, 4, '109.22958374', '-7.436492919999999'),
(1541, 4, '109.23022461', '-7.436604499999999'),
(1542, 4, '109.23093414', '-7.43666887'),
(1543, 4, '109.23117065', '-7.43561125'),
(1544, 4, '109.23117828', '-7.43538284'),
(1545, 4, '109.23120117', '-7.43452263'),
(1546, 4, '109.23167419', '-7.434406760000001'),
(1547, 4, '109.23194122', '-7.434260850000001'),
(1548, 4, '109.23199463', '-7.43389988'),
(1549, 4, '109.23288727', '-7.434146880000001'),
(1550, 4, '109.23432922', '-7.434711460000001'),
(1551, 4, '109.23509216', '-7.43509722'),
(1552, 4, '109.23529816', '-7.435245039999999'),
(1553, 4, '109.23501587', '-7.43602037'),
(1554, 4, '109.23517609', '-7.436025140000001'),
(1555, 4, '109.2351532', '-7.43613577'),
(1556, 4, '109.23558044', '-7.43618631'),
(1557, 4, '109.23709106', '-7.43633986'),
(1558, 4, '109.23764801', '-7.43638945'),
(1559, 4, '109.23792267', '-7.43641376'),
(1560, 4, '109.23797607', '-7.43631458'),
(1561, 4, '109.23812866', '-7.436085699999999'),
(1562, 4, '109.23812866', '-7.43584251'),
(1563, 4, '109.23808289', '-7.43564558'),
(1564, 4, '109.23721313', '-7.43549299'),
(1565, 4, '109.23713684', '-7.43538237'),
(1566, 4, '109.23685455', '-7.43531656'),
(1567, 4, '109.2368927', '-7.435139659999999'),
(1568, 4, '109.23696136', '-7.435011389999999'),
(1569, 4, '109.23690033', '-7.434930799999999'),
(1570, 4, '109.23723602', '-7.43483543'),
(1571, 4, '109.23749542', '-7.43483067'),
(1572, 4, '109.23777008', '-7.43471241'),
(1573, 4, '109.23802948', '-7.43462801'),
(1574, 4, '109.23827362', '-7.43450975'),
(1575, 4, '109.23841095', '-7.43437338'),
(1576, 4, '109.23869324', '-7.43425369'),
(1577, 4, '109.2390976', '-7.43419313'),
(1578, 4, '109.23926544', '-7.434167390000001'),
(1579, 4, '109.23930359', '-7.433998580000001'),
(1580, 4, '109.23937988', '-7.43364477'),
(1581, 4, '109.23945618', '-7.43326664'),
(1582, 4, '109.23957062', '-7.43276834'),
(1583, 4, '109.23966217', '-7.43242264'),
(1584, 4, '109.23973846', '-7.43206882'),
(1585, 4, '109.23950195', '-7.43179417'),
(1586, 4, '109.23918152', '-7.431527609999999'),
(1587, 4, '109.23926544', '-7.43128633'),
(1588, 4, '109.23937225', '-7.43085241'),
(1589, 4, '109.2394104', '-7.43064308'),
(1590, 4, '109.23944855', '-7.43033361'),
(1591, 4, '109.23944855', '-7.43020058'),
(1592, 4, '109.23936462', '-7.42990255'),
(1593, 4, '109.23944855', '-7.42973375'),
(1594, 4, '109.23949432', '-7.42950869'),
(1595, 4, '109.2395401', '-7.42928362'),
(1596, 4, '109.23966217', '-7.42904282'),
(1597, 4, '109.23981476', '-7.42876148'),
(1598, 4, '109.23985291', '-7.42859268'),
(1599, 4, '109.23995972', '-7.42838383'),
(1600, 4, '109.24004364', '-7.428315639999999'),
(1601, 4, '109.24010468', '-7.42826605'),
(1602, 4, '109.24009705', '-7.42819214'),
(1603, 4, '109.24026489', '-7.42807102'),
(1604, 4, '109.24041748', '-7.42811155'),
(1605, 4, '109.24069977', '-7.42811251'),
(1606, 4, '109.24093628', '-7.42803955'),
(1607, 4, '109.24114227', '-7.4280405'),
(1608, 4, '109.24164581', '-7.42805719'),
(1609, 4, '109.24213409', '-7.42802954'),
(1610, 4, '109.24265289', '-7.42806149'),
(1611, 4, '109.24324036', '-7.42806387'),
(1612, 4, '109.24386597', '-7.42806625'),
(1613, 4, '109.24443817', '-7.42806864'),
(1614, 4, '109.24517822', '-7.42808628'),
(1615, 4, '109.24571228', '-7.42808819'),
(1616, 4, '109.24620056', '-7.42797184'),
(1617, 4, '109.24652863', '-7.42800283'),
(1618, 4, '109.24700165', '-7.42803431'),
(1619, 4, '109.24763489', '-7.42799234'),
(1620, 4, '109.24824524', '-7.42799473'),
(1621, 4, '109.24854279', '-7.427996160000001'),
(1622, 4, '109.24868011', '-7.427939409999999'),
(1623, 4, '109.24884033', '-7.42790127'),
(1624, 4, '109.24887848', '-7.42807484'),
(1625, 4, '109.24911499', '-7.42801476'),
(1626, 4, '109.24919891', '-7.427996640000001'),
(1627, 4, '109.24930573', '-7.42795849'),
(1628, 4, '109.24972534', '-7.42777491'),
(1629, 4, '109.24990082', '-7.42781258'),
(1630, 4, '109.25006104', '-7.42785025'),
(1631, 4, '109.25033569', '-7.42783928'),
(1632, 4, '109.25056458', '-7.42782784'),
(1633, 4, '109.25097656', '-7.42779207'),
(1634, 4, '109.25125885', '-7.42778111'),
(1635, 4, '109.25177765', '-7.42780781'),
(1636, 4, '109.25234222', '-7.42781019'),
(1637, 4, '109.25270081', '-7.427799220000001'),
(1638, 4, '109.25320435', '-7.42771435'),
(1639, 4, '109.25356293', '-7.42775297'),
(1640, 4, '109.25404358', '-7.42779207'),
(1641, 4, '109.25439453', '-7.42774391'),
(1642, 4, '109.25461578', '-7.427682880000001'),
(1643, 4, '109.25493622', '-7.42764711'),
(1644, 4, '109.25521088', '-7.427611349999999'),
(1645, 4, '109.25540924', '-7.42774773'),
(1646, 4, '109.25553131', '-7.428008079999999'),
(1647, 4, '109.25548553', '-7.42825508'),
(1648, 4, '109.25556946', '-7.428415779999999'),
(1649, 4, '109.25559998', '-7.428774360000001'),
(1650, 4, '109.25561523', '-7.42919493'),
(1651, 4, '109.25539398', '-7.42944098'),
(1652, 4, '109.25486755', '-7.42951345'),
(1653, 4, '109.25444794', '-7.429561140000001'),
(1654, 4, '109.25480652', '-7.42993307'),
(1655, 4, '109.25512695', '-7.4302187'),
(1656, 4, '109.25558472', '-7.4306283'),
(1657, 4, '109.25624084', '-7.43122435'),
(1658, 4, '109.25672913', '-7.431695940000001'),
(1659, 4, '109.25756836', '-7.43277454'),
(1660, 4, '109.25772858', '-7.432898519999999'),
(1661, 4, '109.25792694', '-7.432793139999999'),
(1662, 4, '109.25827789', '-7.43280125'),
(1663, 4, '109.25834656', '-7.43268013'),
(1664, 4, '109.25945282', '-7.432664390000001'),
(1665, 4, '109.26042175', '-7.43265724'),
(1666, 4, '109.26055908', '-7.43257427'),
(1667, 4, '109.26082611', '-7.43255472'),
(1668, 4, '109.2611618', '-7.43253613'),
(1669, 4, '109.26144409', '-7.43252325'),
(1670, 4, '109.26218414', '-7.43255234'),
(1671, 4, '109.26218414', '-7.4324522'),
(1672, 4, '109.26220703', '-7.43231726'),
(1673, 4, '109.26242065', '-7.432149409999999'),
(1674, 4, '109.26248932', '-7.43194485'),
(1675, 4, '109.26245117', '-7.4317174'),
(1676, 4, '109.26228333', '-7.43151426'),
(1677, 4, '109.2620697', '-7.431256770000001'),
(1678, 4, '109.26197052', '-7.43097925'),
(1679, 4, '109.26184082', '-7.43085051'),
(1680, 4, '109.26177979', '-7.43058014'),
(1681, 4, '109.26220703', '-7.430433269999999'),
(1682, 4, '109.26236725', '-7.43043423'),
(1683, 4, '109.26245117', '-7.43041706'),
(1684, 4, '109.2627182', '-7.43087435'),
(1685, 4, '109.26292419', '-7.43133402'),
(1686, 4, '109.26306152', '-7.43176079'),
(1687, 4, '109.26300049', '-7.43247128'),
(1688, 4, '109.26307678', '-7.432888980000001'),
(1689, 4, '109.263237', '-7.43315172'),
(1690, 4, '109.26358795', '-7.433782579999999'),
(1691, 4, '109.26445007', '-7.433548930000001'),
(1692, 4, '109.26483154', '-7.43458748'),
(1693, 4, '109.26564789', '-7.43466949'),
(1694, 4, '109.26578522', '-7.43488169'),
(1695, 4, '109.26583099', '-7.434981820000001'),
(1696, 4, '109.26590729', '-7.43508816'),
(1697, 4, '109.26594543', '-7.43516922'),
(1698, 4, '109.26602936', '-7.43529415'),
(1699, 4, '109.26609802', '-7.43539429'),
(1700, 4, '109.26623535', '-7.434895990000001'),
(1701, 4, '109.26741791', '-7.43470716'),
(1702, 4, '109.2675705', '-7.43539715'),
(1703, 4, '109.26760101', '-7.435506340000001'),
(1704, 4, '109.2677002', '-7.43549013'),
(1705, 4, '109.26778412', '-7.43548203'),
(1706, 4, '109.26786041', '-7.43549061'),
(1707, 4, '109.26797485', '-7.43545771'),
(1708, 4, '109.26805878', '-7.43541574'),
(1709, 4, '109.26813507', '-7.43539143'),
(1710, 4, '109.26834869', '-7.43567085'),
(1711, 4, '109.26837921', '-7.435779570000001'),
(1712, 4, '109.26846313', '-7.436059'),
(1713, 4, '109.26874542', '-7.436381819999999'),
(1714, 4, '109.26885223', '-7.43659687'),
(1715, 4, '109.26889801', '-7.43689394'),
(1716, 4, '109.26898956', '-7.437356469999999'),
(1717, 4, '109.26909637', '-7.437604429999999'),
(1718, 4, '109.26913452', '-7.43794298'),
(1719, 4, '109.26920319', '-7.43827295'),
(1720, 4, '109.26895905', '-7.43832159'),
(1721, 4, '109.26889038', '-7.43843699'),
(1722, 4, '109.26893616', '-7.438544270000001'),
(1723, 4, '109.26908875', '-7.438684939999999'),
(1724, 4, '109.26924133', '-7.438718800000001'),
(1725, 4, '109.26930237', '-7.438892360000001'),
(1726, 4, '109.26934814', '-7.439123629999999'),
(1727, 4, '109.26942444', '-7.4393301'),
(1728, 4, '109.26942444', '-7.43946123'),
(1729, 4, '109.26940918', '-7.43960571'),
(1730, 4, '109.26959229', '-7.439857009999999'),
(1731, 4, '109.2696991', '-7.44054508'),
(1732, 4, '109.26990509', '-7.44084454'),
(1733, 4, '109.27007294', '-7.44095564'),
(1734, 4, '109.27030182', '-7.44119978'),
(1735, 4, '109.27046204', '-7.441465850000001'),
(1736, 4, '109.27075958', '-7.44163322'),
(1737, 4, '109.27096558', '-7.44178867'),
(1738, 4, '109.27108765', '-7.441988469999999'),
(1739, 4, '109.27122498', '-7.442088129999999'),
(1740, 4, '109.27135468', '-7.442199229999999'),
(1741, 4, '109.27147675', '-7.442299370000001'),
(1742, 4, '109.27121735', '-7.442398070000001'),
(1743, 4, '109.27093506', '-7.44258499'),
(1744, 4, '109.27062225', '-7.4427166'),
(1745, 4, '109.27036285', '-7.442803859999999'),
(1746, 4, '109.27003479', '-7.44292402'),
(1747, 4, '109.26977539', '-7.44301176'),
(1748, 4, '109.26935577', '-7.44333076'),
(1749, 4, '109.26913452', '-7.4434495'),
(1750, 4, '109.26917267', '-7.44352055'),
(1751, 4, '109.26886749', '-7.4437027'),
(1752, 4, '109.26838684', '-7.44393921'),
(1753, 4, '109.26779175', '-7.444091800000001'),
(1754, 4, '109.26739502', '-7.444137569999999'),
(1755, 4, '109.26663971', '-7.44409895'),
(1756, 4, '109.26612854', '-7.44404936'),
(1757, 4, '109.26567841', '-7.44404745'),
(1758, 4, '109.26538849', '-7.44409418'),
(1759, 4, '109.26538086', '-7.44432259'),
(1760, 4, '109.26530457', '-7.4448719'),
(1761, 4, '109.26513672', '-7.44503975'),
(1762, 4, '109.2649765', '-7.44485807'),
(1763, 4, '109.26454163', '-7.44447851'),
(1764, 4, '109.26371002', '-7.444157119999999'),
(1765, 4, '109.26378632', '-7.44383955'),
(1766, 4, '109.26367187', '-7.44373941'),
(1767, 4, '109.26267242', '-7.443576339999999'),
(1768, 4, '109.26229095', '-7.444131369999999'),
(1769, 4, '109.26235199', '-7.444430350000001'),
(1770, 4, '109.26219177', '-7.44446039'),
(1771, 4, '109.26109314', '-7.444664000000001'),
(1772, 4, '109.26109314', '-7.44488287'),
(1773, 4, '109.26161194', '-7.4454813'),
(1774, 4, '109.2617569', '-7.445605280000001'),
(1775, 4, '109.262146', '-7.44600058'),
(1776, 4, '109.26238251', '-7.44624043'),
(1777, 4, '109.26255798', '-7.44671822'),
(1778, 4, '109.26235962', '-7.446996209999999'),
(1779, 4, '109.26213837', '-7.447394850000001'),
(1780, 4, '109.26194763', '-7.44728327'),
(1781, 4, '109.26172638', '-7.44712782'),
(1782, 4, '109.26137543', '-7.446827890000001'),
(1783, 4, '109.2610321', '-7.44647264'),
(1784, 4, '109.26088715', '-7.446372509999999'),
(1785, 4, '109.26062012', '-7.44619417'),
(1786, 4, '109.26009369', '-7.4459157'),
(1787, 4, '109.25959778', '-7.445847509999999'),
(1788, 4, '109.25931549', '-7.44565821'),
(1789, 4, '109.2587738', '-7.44561195'),
(1790, 4, '109.25834656', '-7.44565439'),
(1791, 4, '109.258255', '-7.44569778'),
(1792, 4, '109.25814819', '-7.44580412'),
(1793, 4, '109.25801086', '-7.44586945'),
(1794, 4, '109.2578125', '-7.44591522'),
(1795, 1, '109.23614502', '-7.41265345'),
(1796, 1, '109.23610687', '-7.41245031'),
(1797, 1, '109.23616791', '-7.411524769999999'),
(1798, 1, '109.23610687', '-7.41143465'),
(1799, 1, '109.23612213', '-7.41127777'),
(1800, 1, '109.23612213', '-7.41117525'),
(1801, 1, '109.23612213', '-7.411065580000001'),
(1802, 1, '109.23609161', '-7.41082525'),
(1803, 1, '109.23608398', '-7.41060591'),
(1804, 1, '109.23616028', '-7.41049671'),
(1805, 1, '109.23620605', '-7.41013336'),
(1806, 1, '109.23591614', '-7.40964556'),
(1807, 1, '109.23612976', '-7.409173010000001'),
(1808, 1, '109.23628235', '-7.40867329'),
(1809, 1, '109.23648071', '-7.4081893'),
(1810, 1, '109.2365799', '-7.40804195'),
(1811, 1, '109.2368927', '-7.407804970000001'),
(1812, 1, '109.23685455', '-7.407375339999999'),
(1813, 1, '109.23679352', '-7.40709782'),
(1814, 1, '109.23674774', '-7.40653181'),
(1815, 1, '109.23671722', '-7.406455990000001'),
(1816, 1, '109.2361908', '-7.40623093'),
(1817, 1, '109.23550415', '-7.40593481'),
(1818, 1, '109.2351532', '-7.40583038'),
(1819, 1, '109.23471069', '-7.40582561'),
(1820, 1, '109.2345047', '-7.40610981'),
(1821, 1, '109.23426819', '-7.40579939'),
(1822, 1, '109.23416901', '-7.40542936'),
(1823, 1, '109.23417664', '-7.405157569999999'),
(1824, 1, '109.23416901', '-7.404929159999999'),
(1825, 1, '109.23407745', '-7.404744149999999'),
(1826, 1, '109.23420715', '-7.404635910000001'),
(1827, 1, '109.23427582', '-7.40451097'),
(1828, 1, '109.2341156', '-7.40435266'),
(1829, 1, '109.23406982', '-7.40418959'),
(1830, 1, '109.234375', '-7.40398979'),
(1831, 1, '109.23461914', '-7.40389299'),
(1832, 1, '109.23462677', '-7.40372419'),
(1833, 1, '109.23479462', '-7.40360546'),
(1834, 1, '109.23490906', '-7.403486250000001'),
(1835, 1, '109.23462677', '-7.403093809999999'),
(1836, 1, '109.2346344', '-7.40294695'),
(1837, 1, '109.23457336', '-7.40283775'),
(1838, 1, '109.23455811', '-7.40264225'),
(1839, 1, '109.23454285', '-7.40243578'),
(1840, 1, '109.23445129', '-7.402206900000001'),
(1841, 1, '109.23426819', '-7.40222788'),
(1842, 1, '109.23430634', '-7.40204334'),
(1843, 1, '109.23416138', '-7.40191746'),
(1844, 1, '109.23428345', '-7.40181494'),
(1845, 1, '109.23407745', '-7.40167809'),
(1846, 1, '109.23406219', '-7.40121603'),
(1847, 1, '109.23392487', '-7.40089989'),
(1848, 1, '109.23392487', '-7.40081835'),
(1849, 1, '109.23390198', '-7.40074778'),
(1850, 1, '109.2338562', '-7.40050316'),
(1851, 1, '109.23377228', '-7.40026903'),
(1852, 1, '109.23375702', '-7.40014935'),
(1853, 1, '109.23373413', '-7.399975299999999'),
(1854, 1, '109.23368835', '-7.39982843'),
(1855, 1, '109.23371124', '-7.39972496'),
(1856, 1, '109.23374939', '-7.39958382'),
(1857, 1, '109.23382568', '-7.399377349999999'),
(1858, 1, '109.23388672', '-7.399274350000001'),
(1859, 1, '109.2339325', '-7.39914417'),
(1860, 1, '109.23394775', '-7.39905643'),
(1861, 1, '109.23394012', '-7.3989768'),
(1862, 1, '109.23363495', '-7.39865208'),
(1863, 1, '109.23365021', '-7.39853573'),
(1864, 1, '109.23374176', '-7.39804459'),
(1865, 1, '109.2338028', '-7.39739943'),
(1866, 1, '109.23414612', '-7.39675522'),
(1867, 1, '109.23445892', '-7.3960495'),
(1868, 1, '109.23455048', '-7.39522028'),
(1869, 1, '109.23442841', '-7.39478922'),
(1870, 1, '109.23440552', '-7.394020560000001'),
(1871, 1, '109.234375', '-7.39386702'),
(1872, 1, '109.234375', '-7.393129350000001'),
(1873, 1, '109.23432159', '-7.39245272'),
(1874, 1, '109.23462677', '-7.39202404'),
(1875, 1, '109.23493958', '-7.391840460000001'),
(1876, 1, '109.23527527', '-7.39184189'),
(1877, 1, '109.23561096', '-7.39205837'),
(1878, 1, '109.23583221', '-7.39162922'),
(1879, 1, '109.23601532', '-7.39144516'),
(1880, 1, '109.23628998', '-7.39120054'),
(1881, 1, '109.23687744', '-7.39132595'),
(1882, 1, '109.23733521', '-7.39157343'),
(1883, 1, '109.23758698', '-7.39185095'),
(1884, 1, '109.23813629', '-7.39188385'),
(1885, 1, '109.23847961', '-7.39176226'),
(1886, 1, '109.23860168', '-7.39127111'),
(1887, 1, '109.23900604', '-7.39090395'),
(1888, 1, '109.23912811', '-7.39075089'),
(1889, 1, '109.23891449', '-7.38998127'),
(1890, 1, '109.23877716', '-7.38975525'),
(1891, 1, '109.23873138', '-7.38968801'),
(1892, 1, '109.23880005', '-7.38921118'),
(1893, 1, '109.23877716', '-7.38894939'),
(1894, 1, '109.2387619', '-7.388705729999999'),
(1895, 1, '109.23867035', '-7.388406280000001'),
(1896, 1, '109.2386322', '-7.38810635'),
(1897, 1, '109.23865509', '-7.3877883'),
(1898, 1, '109.23846436', '-7.38760042'),
(1899, 1, '109.23856354', '-7.387451169999999'),
(1900, 1, '109.23860168', '-7.38726425'),
(1901, 1, '109.23863983', '-7.38700247'),
(1902, 1, '109.23851013', '-7.38673973'),
(1903, 1, '109.23839569', '-7.38655233'),
(1904, 1, '109.23843384', '-7.38634682'),
(1905, 1, '109.23854828', '-7.386205669999999'),
(1906, 1, '109.23856354', '-7.38582325'),
(1907, 1, '109.23845673', '-7.38561678'),
(1908, 1, '109.23830414', '-7.38552284'),
(1909, 1, '109.23815918', '-7.38529778'),
(1910, 1, '109.23796844', '-7.38507223'),
(1911, 1, '109.23763275', '-7.38495874'),
(1912, 1, '109.23742676', '-7.384546280000001'),
(1913, 1, '109.23738861', '-7.38417196'),
(1914, 1, '109.2374115', '-7.38383532'),
(1915, 1, '109.23733521', '-7.38355398'),
(1916, 1, '109.2374115', '-7.38338614'),
(1917, 1, '109.23735809', '-7.38323641'),
(1918, 1, '109.23738861', '-7.3829031'),
(1919, 1, '109.23740387', '-7.38278723'),
(1920, 1, '109.23749542', '-7.38277197'),
(1921, 1, '109.23881531', '-7.38246107'),
(1922, 1, '109.23976135', '-7.38252449'),
(1923, 1, '109.24171448', '-7.38264942'),
(1924, 1, '109.24247742', '-7.38273239'),
(1925, 1, '109.24273682', '-7.38269615'),
(1926, 1, '109.24339294', '-7.382679940000001'),
(1927, 1, '109.24446869', '-7.3826375'),
(1928, 1, '109.24475861', '-7.382708549999999'),
(1929, 1, '109.24515533', '-7.38262033'),
(1930, 1, '109.24543762', '-7.38249207'),
(1931, 1, '109.24578857', '-7.38248539'),
(1932, 1, '109.24585724', '-7.38288736'),
(1933, 1, '109.24606323', '-7.38342714'),
(1934, 1, '109.24625397', '-7.384107590000001'),
(1935, 1, '109.24645996', '-7.384811400000001'),
(1936, 1, '109.24648285', '-7.385467530000001'),
(1937, 1, '109.24647522', '-7.38614702'),
(1938, 1, '109.24640656', '-7.38682652'),
(1939, 1, '109.24617004', '-7.387176990000001'),
(1940, 1, '109.24586487', '-7.3873868'),
(1941, 1, '109.24560547', '-7.38761997'),
(1942, 1, '109.24560547', '-7.38773727'),
(1943, 1, '109.24562836', '-7.38785458'),
(1944, 1, '109.24554443', '-7.388091560000001'),
(1945, 1, '109.24534607', '-7.38833618'),
(1946, 1, '109.24517822', '-7.388452049999999'),
(1947, 1, '109.24549103', '-7.389187339999999'),
(1948, 1, '109.24562836', '-7.38969278'),
(1949, 1, '109.24584198', '-7.39048862'),
(1950, 1, '109.2461319', '-7.39108086'),
(1951, 1, '109.24690247', '-7.3915267'),
(1952, 1, '109.2480545', '-7.39191532'),
(1953, 1, '109.24846649', '-7.392744059999999'),
(1954, 1, '109.24843597', '-7.3933053'),
(1955, 1, '109.24869537', '-7.39363146'),
(1956, 1, '109.24932098', '-7.394195079999999'),
(1957, 1, '109.24970245', '-7.394699100000001'),
(1958, 1, '109.25022888', '-7.39603043'),
(1959, 1, '109.25054932', '-7.39680004'),
(1960, 1, '109.25069427', '-7.39739132'),
(1961, 1, '109.25090027', '-7.397392270000001'),
(1962, 1, '109.25143433', '-7.39739418'),
(1963, 1, '109.25180817', '-7.39762783'),
(1964, 1, '109.25205994', '-7.397780900000001'),
(1965, 1, '109.25273895', '-7.39799023'),
(1966, 1, '109.25356293', '-7.398495670000001'),
(1967, 1, '109.25387573', '-7.398954390000001'),
(1968, 1, '109.2539444', '-7.39905882'),
(1969, 1, '109.25400543', '-7.399679179999999'),
(1970, 1, '109.25426483', '-7.3997097'),
(1971, 1, '109.25476837', '-7.3998003'),
(1972, 1, '109.25506592', '-7.400510790000001'),
(1973, 1, '109.25514984', '-7.40119076'),
(1974, 1, '109.25538635', '-7.40184164'),
(1975, 1, '109.25571442', '-7.402273179999999'),
(1976, 1, '109.25576782', '-7.40264082'),
(1977, 1, '109.25605774', '-7.40343952'),
(1978, 1, '109.25643921', '-7.404090880000001'),
(1979, 1, '109.25705719', '-7.404654500000001'),
(1980, 1, '109.25788879', '-7.4051013'),
(1981, 1, '109.25862885', '-7.40575409'),
(1982, 1, '109.25933075', '-7.406702039999999'),
(1983, 1, '109.26037598', '-7.40738249'),
(1984, 1, '109.26043701', '-7.40733576'),
(1985, 1, '109.26074219', '-7.407790180000001'),
(1986, 1, '109.26039886', '-7.40808868'),
(1987, 1, '109.25982666', '-7.40842915'),
(1988, 1, '109.25907898', '-7.40888357'),
(1989, 1, '109.25813293', '-7.40953684'),
(1990, 1, '109.25764465', '-7.41019249'),
(1991, 1, '109.25718689', '-7.41076183'),
(1992, 1, '109.2567215', '-7.4116745'),
(1993, 1, '109.2559433', '-7.412271499999999'),
(1994, 1, '109.25543213', '-7.41295528'),
(1995, 1, '109.25422668', '-7.41326523'),
(1996, 1, '109.25336456', '-7.41374731'),
(1997, 1, '109.25261688', '-7.4138875'),
(1998, 1, '109.25258636', '-7.41457319'),
(1999, 1, '109.25235748', '-7.41471529'),
(2000, 1, '109.25184631', '-7.41471291'),
(2001, 1, '109.25115967', '-7.414739130000001'),
(2002, 1, '109.25069427', '-7.41480017'),
(2003, 1, '109.25052643', '-7.414483069999999'),
(2004, 1, '109.25042725', '-7.414485450000001'),
(2005, 1, '109.25036621', '-7.41442537'),
(2006, 1, '109.25037384', '-7.41432142'),
(2007, 1, '109.25035095', '-7.41414261'),
(2008, 1, '109.25027466', '-7.41398525'),
(2009, 1, '109.2502594', '-7.413904670000001'),
(2010, 1, '109.25027466', '-7.41383171'),
(2011, 1, '109.25018311', '-7.413785459999999'),
(2012, 1, '109.25009155', '-7.41368771'),
(2013, 1, '109.2498703', '-7.413661'),
(2014, 1, '109.24966431', '-7.41363049'),
(2015, 1, '109.24945068', '-7.41361284'),
(2016, 1, '109.24942017', '-7.41372299'),
(2017, 1, '109.24936676', '-7.4138546'),
(2018, 1, '109.24911499', '-7.413861270000001'),
(2019, 1, '109.24900818', '-7.414175030000001'),
(2020, 1, '109.24895477', '-7.41430807'),
(2021, 1, '109.2491684', '-7.41436005'),
(2022, 1, '109.24911499', '-7.41448259'),
(2023, 1, '109.24892426', '-7.414502620000001'),
(2024, 1, '109.24874878', '-7.41467571'),
(2025, 1, '109.24856567', '-7.41499233'),
(2026, 1, '109.24846649', '-7.4150238'),
(2027, 1, '109.24845886', '-7.41512966'),
(2028, 1, '109.2481308', '-7.41509295'),
(2029, 1, '109.24810028', '-7.41518497'),
(2030, 1, '109.24819183', '-7.41538'),
(2031, 1, '109.24827576', '-7.41559553'),
(2032, 1, '109.24840546', '-7.41561747'),
(2033, 1, '109.24832916', '-7.41605759'),
(2034, 1, '109.24822235', '-7.41665649'),
(2035, 1, '109.24773407', '-7.41666698'),
(2036, 1, '109.24771881', '-7.41701651'),
(2037, 1, '109.24769592', '-7.41749763'),
(2038, 1, '109.2469635', '-7.417515749999999'),
(2039, 1, '109.2458725', '-7.41755342'),
(2040, 1, '109.24442291', '-7.41738033'),
(2041, 1, '109.24317169', '-7.417270660000001'),
(2042, 1, '109.24188995', '-7.41684675'),
(2043, 1, '109.24131775', '-7.41664457'),
(2044, 1, '109.24065399', '-7.41629744'),
(2045, 1, '109.23988342', '-7.41608524'),
(2046, 1, '109.23952484', '-7.4157486'),
(2047, 1, '109.23942566', '-7.41568995'),
(2048, 1, '109.23887634', '-7.415369510000001'),
(2049, 1, '109.23839569', '-7.41511631'),
(2050, 1, '109.23774719', '-7.41509628'),
(2051, 1, '109.2377243', '-7.41500044'),
(2052, 1, '109.2375946', '-7.41495466'),
(2053, 1, '109.23747253', '-7.41492987'),
(2054, 1, '109.23751831', '-7.41479826'),
(2055, 1, '109.23740387', '-7.41477156'),
(2056, 1, '109.23741913', '-7.41468525'),
(2057, 1, '109.23748779', '-7.41444349'),
(2058, 1, '109.23756409', '-7.41438532'),
(2059, 1, '109.23751831', '-7.414300440000001'),
(2060, 1, '109.23734283', '-7.413870329999999'),
(2061, 1, '109.23712158', '-7.413759709999999'),
(2062, 1, '109.23724365', '-7.41346264'),
(2063, 1, '109.23744202', '-7.41271448'),
(2064, 1, '109.23737335', '-7.41261578'),
(2065, 1, '109.23720551', '-7.41253805'),
(2066, 1, '109.23699951', '-7.41252613'),
(2067, 1, '109.23665619', '-7.41259098'),
(2068, 1, '109.23641968', '-7.41277695'),
(2069, 1, '109.23634338', '-7.41306305'),
(2070, 1, '109.23625183', '-7.413205620000001'),
(2071, 1, '109.23615265', '-7.413285730000001'),
(2072, 1, '109.23614502', '-7.41301823'),
(2073, 1, '109.23614502', '-7.41265345'),
(2074, 0, 'lat', 'lng');

--
-- Indexes for dumped tables
--

--
-- Indexes for table `admin`
--
ALTER TABLE `admin`
  ADD PRIMARY KEY (`id_admin`);

--
-- Indexes for table `foto`
--
ALTER TABLE `foto`
  ADD PRIMARY KEY (`id_foto`);

--
-- Indexes for table `kecamatan`
--
ALTER TABLE `kecamatan`
  ADD PRIMARY KEY (`id_kecamatan`);

--
-- Indexes for table `kelurahan`
--
ALTER TABLE `kelurahan`
  ADD PRIMARY KEY (`id_kelurahan`),
  ADD KEY `kelurahan_kecamatan` (`id_kecamatan`);

--
-- Indexes for table `layanan`
--
ALTER TABLE `layanan`
  ADD PRIMARY KEY (`id_layanan`);

--
-- Indexes for table `lokasi`
--
ALTER TABLE `lokasi`
  ADD PRIMARY KEY (`id_lokasi`),
  ADD KEY `lokasi_kecamatan` (`id_kecamatan`),
  ADD KEY `lokasi_kelurahan` (`id_kelurahan`),
  ADD KEY `lokasi_admin` (`id_admin`),
  ADD KEY `lokasi_layanan` (`id_layanan`);

--
-- Indexes for table `poligon`
--
ALTER TABLE `poligon`
  ADD PRIMARY KEY (`id_poligon`),
  ADD KEY `poligon_kecamatan` (`id_kecamatan`);

--
-- AUTO_INCREMENT for dumped tables
--

--
-- AUTO_INCREMENT for table `admin`
--
ALTER TABLE `admin`
  MODIFY `id_admin` int(2) NOT NULL AUTO_INCREMENT, AUTO_INCREMENT=2;

--
-- AUTO_INCREMENT for table `foto`
--
ALTER TABLE `foto`
  MODIFY `id_foto` int(4) NOT NULL AUTO_INCREMENT;

--
-- AUTO_INCREMENT for table `kecamatan`
--
ALTER TABLE `kecamatan`
  MODIFY `id_kecamatan` int(2) NOT NULL AUTO_INCREMENT, AUTO_INCREMENT=5;

--
-- AUTO_INCREMENT for table `kelurahan`
--
ALTER TABLE `kelurahan`
  MODIFY `id_kelurahan` int(2) NOT NULL AUTO_INCREMENT, AUTO_INCREMENT=28;

--
-- AUTO_INCREMENT for table `layanan`
--
ALTER TABLE `layanan`
  MODIFY `id_layanan` int(2) NOT NULL AUTO_INCREMENT, AUTO_INCREMENT=5;

--
-- AUTO_INCREMENT for table `lokasi`
--
ALTER TABLE `lokasi`
  MODIFY `id_lokasi` int(2) NOT NULL AUTO_INCREMENT, AUTO_INCREMENT=6;

--
-- AUTO_INCREMENT for table `poligon`
--
ALTER TABLE `poligon`
  MODIFY `id_poligon` int(5) NOT NULL AUTO_INCREMENT, AUTO_INCREMENT=2075;

--
-- Constraints for dumped tables
--

--
-- Constraints for table `kelurahan`
--
ALTER TABLE `kelurahan`
  ADD CONSTRAINT `kelurahan_kecamatan` FOREIGN KEY (`id_kecamatan`) REFERENCES `kecamatan` (`id_kecamatan`);

--
-- Constraints for table `lokasi`
--
ALTER TABLE `lokasi`
  ADD CONSTRAINT `lokasi_admin` FOREIGN KEY (`id_admin`) REFERENCES `admin` (`id_admin`),
  ADD CONSTRAINT `lokasi_kecamatan` FOREIGN KEY (`id_kecamatan`) REFERENCES `kecamatan` (`id_kecamatan`),
  ADD CONSTRAINT `lokasi_kelurahan` FOREIGN KEY (`id_kelurahan`) REFERENCES `kelurahan` (`id_kelurahan`),
  ADD CONSTRAINT `lokasi_layanan` FOREIGN KEY (`id_layanan`) REFERENCES `layanan` (`id_layanan`);
COMMIT;

/*!40101 SET CHARACTER_SET_CLIENT=@OLD_CHARACTER_SET_CLIENT */;
/*!40101 SET CHARACTER_SET_RESULTS=@OLD_CHARACTER_SET_RESULTS */;
/*!40101 SET COLLATION_CONNECTION=@OLD_COLLATION_CONNECTION */;
